step,id,x,y,z,vx,vy,vz,mass
0,1,47554168149,-21296784700,-30623372377,-64018193733,-46226550673,-86473317355,1.78506E+29
0,2,21144752762,51140981172,1522331324,-73921855598,54557789134,7086679551,7.74898E+29
0,3,-52383136318,-65174066735,-52788905918,-56171665045,-38070679672,-8403336433,1.31383E+30
0,4,-80813016865,19760704266,-64907204793,66826756151,45999382937,85372201951,1.76519E+30
0,5,-64510958223,38361867612,10386645512,22286187950,-9607319331,87947005405,1.64644E+30
0,6,27227681329,-15887140663,33416761209,73618212316,-37888699599,-38820842668,2.02592E+29
0,7,-77350653713,-4406296425,74089475629,71565282372,81586426549,22143425329,1.5907E+30
0,8,-60336260427,36881495247,12188928045,74865241788,28381080964,-57232907543,1.18327E+29
0,9,-59861912336,31434400237,56351441210,-50604209617,76776662389,-86436480056,1.97317E+30
0,10,21552820202,-1947346794,-47089311282,-55027775455,-61458973477,63542627169,1.69722E+30
0,11,6987484738,34371199061,17519744769,19116703286,23855052406,-4058211669,8.36502E+29
0,12,77949846882,-25307324180,62953173233,-51539303741,3012733956,-9030800705,2.949E+29
0,13,-3467812374,44187233471,-31188173123,71843873476,-56169310411,-75360719356,4.43385E+29
0,14,-13540323452,-51345715028,34915790407,-66447394596,4106593642,74380890698,1.35784E+30
0,15,50940896544,30795102070,-28809517889,83798498870,-13295806353,-50571095273,4.60112E+29
0,16,15201160183,72624158140,-22008094382,61514297746,-34578345674,-56391892147,8.48237E+29
0,17,-20541076918,54607396200,-42942435650,-12884843245,67294284274,-27475773787,3.68637E+28
0,18,87376449412,65899982281,60289149795,17106025601,69353056847,51201842602,5.81335E+29
0,19,-12350302361,-19002528994,-60623383436,-29357359442,-61280251126,60077493037,9.14661E+29
0,20,-70508024219,-31169761042,-10877188183,54043863515,74578857255,66579240550,1.42118E+29
0,21,-16297357258,8433325787,-53560372958,-55923560878,-58435534538,920236873.5,1.51406E+30
0,22,31285408323,-29451826176,12319336120,59357853772,-6208933241,-82186851436,1.69876E+29
0,23,21154844890,41348774867,-81577311206,-78417817010,-16585369805,-50907269107,1.40269E+30
0,24,29563942912,87252519673,48334607659,86003803790,79370404004,-9553117633,9.09942E+29
0,25,-55138052756,53987716377,54149838528,31935633269,41787473122,76569997368,1.77185E+30
0,26,28129417946,-71212104917,-73003763636,-14673649629,-65518238928,-30785497747,1.37739E+30
0,27,-54356258583,54244897187,45309896910,-17145189217,55989150860,64093164375,2.18549E+29
0,28,-65881659433,-2197316600,-8903460578,63434234363,42175256672,-68343868718,3.22403E+29
0,29,-2195497332,80543250660,60143031780,4059682296,84853105634,-84606606145,1.84095E+30
0,30,34470550961,88643108673,46756373202,-21119768789,33192639832,-31705844342,7.14276E+29
0,31,58956418752,-41665105778,-39086301055,2777708621,79513731804,2277878034,1.49115E+30
0,32,-58402570276,-30101175278,-52999421010,-73930584920,71663266396,-74575752698,1.67299E+30
0,33,71713702627,33877820155,88083941403,17720070453,-42554679969,73646047767,3.8928E+28
0,34,76074907702,-85145172429,-2428691118,-30429757747,-21220848957,-20993268279,1.89404E+30
0,35,37519665508,-15800313305,59953345380,83472114603,-62786993037,-56179353588,1.20158E+30
0,36,87451301651,-85078772298,-59417751740,-38819618501,-50397264890,-85861080792,5.73866E+29
0,37,31951108859,35976670947,77783095870,-8052041684,-13802609746,-12399602115,3.73212E+29
0,38,-62163760494,-18511550714,23797447103,73597395726,-76190082934,-1145913584,1.80765E+30
0,39,-56666536980,-10519927258,53404177889,45916967668,-53387555274,-11155165658,1.89879E+30
0,40,-37687455950,67860317156,-20595439383,73446002799,-86482255116,15422978344,1.27525E+30
0,41,-60396731081,33514615236,36542918265,81169190722,81269281300,43550394767,1.30572E+30
0,42,-84435995257,73408339537,14131340387,-29012407152,-48808162995,-58989682685,1.85062E+30
0,43,76466178074,74815766910,72288133691,67886604046,-70234405603,69321293196,1.52306E+30
0,44,65301634252,-47488300774,-44897412414,-84958636504,-1538700325,53732195100,1.37985E+30
0,45,9600916234,21802284183,-57832632454,12152784915,-89690398686,-57383188220,1.44596E+30
0,46,-15350023879,-10968916535,-44684556274,17624379430,-2335460509,13326700630,1.30501E+30
0,47,-51278036439,23695445906,34277373050,58878358847,-18387829761,-405358897.4,1.1705E+30
0,48,-68138046551,68030199463,-53925328462,23901814621,26970944663,-61565341785,1.81941E+30
0,49,-12306809253,57306138951,-44904561336,-3955261683,-25216133830,-48119158908,6.3203E+29
0,50,-64509307405,47413495010,-62085072188,46748539679,6522037957,-12278232992,1.79277E+30
0,51,75725826213,45431032486,-3559479622,5061749827,-74275837074,75981688245,1.49358E+30
0,52,-74926004925,-52513274048,67869374416,-28734376831,86449559313,-30222507241,1.49367E+30
0,53,-84671035516,42652840773,1200906174,85872269102,45045506422,-55200515629,1.18903E+30
0,54,-65218627022,22750912675,-29462931296,-50134606799,-78217453916,9106300476,1.06909E+30
0,55,65628900936,-29042207730,8730470580,-9418456936,73279153116,56999000926,1.73107E+30
0,56,-66675939808,-28720960810,89055744244,82117609308,67764525845,31978522883,4.42811E+29
0,57,-30358049101,-56795843475,10257614412,-17108070899,4295402037,49656995678,9.21897E+29
0,58,35410126534,-41244098765,-84709569381,81707578083,50265968978,-21987401508,6.13549E+29
0,59,62968465323,56025039945,23457364827,19222950459,47057222300,51264880467,1.09751E+30
0,60,35503704729,9829292121,-83522438497,44050810210,-22215525932,-30112412624,1.83264E+30
0,61,-66744197401,53839613543,37901859812,-57481748118,-45279599318,64982438399,6.04821E+29
0,62,-4330296729,14156937152,-1918142012,7983210909,-13348482554,35491807751,6.03964E+29
0,63,-54075722049,-54419458416,66009698396,2497904605,-62410393191,-70015650773,1.43572E+30
0,64,-62408245329,-19041553658,54280668818,-18667384428,21873470511,-17755757441,1.37743E+30
0,65,45519842884,-21490327817,1130221231,-87692017966,71620769524,-74585788116,3.72055E+29
0,66,867143364.6,38701291542,52525089825,28096247647,59576504682,42612713828,1.92246E+30
0,67,14294836072,-33234949255,-68518725870,66637127528,-56705483203,-74836007890,6.47656E+29
0,68,31521677835,17659555959,35965678160,1606398663,60038331817,40515645202,1.10852E+30
0,69,13055789159,53423133826,18953360736,50588015994,-46768995807,70418101058,1.49478E+30
0,70,-52849896138,16565771176,-74214398679,17858081079,74200448471,80039913738,1.84488E+30
0,71,83974224298,-34078448805,-79369002407,-58226454593,70517476956,-46683243048,4.67375E+29
0,72,-81337232092,-48301005914,-2043355869,82679254528,-7524482894,77630372102,6.17586E+29
0,73,-6859870516,57408153863,50783301070,84803737456,25208011184,-78433666640,5.46507E+29
0,74,-71518148120,20973500603,88611986538,89416208627,18396967698,-24311238859,4.33803E+27
0,75,81542156607,-52612738027,26747289591,-68221661997,-87149482265,-22594853827,1.62639E+30
0,76,56044413909,47556790838,86789609241,56240916869,-13310144145,65631035926,1.06161E+30
0,77,-51533426381,-29962874719,-54536282323,73527453523,59405206442,31760761104,1.91445E+30
0,78,3185238865,-79915432604,-9894906990,-82791987399,5849216651,80349109902,9.67711E+28
0,79,-70212971402,-31425481577,12508186809,62761707372,71936713307,27134522488,3.85455E+29
0,80,-56371483491,-10325853442,-89986823701,-15871576433,-40841873023,-64649488079,1.31226E+30
0,81,-13772652148,79531374904,53559873379,-24694894899,-43429397034,31834117057,6.87917E+27
0,82,-53660842093,79872737494,451780227.7,9704688052,-50187043907,-47560687963,6.10409E+29
0,83,71563568577,16960128868,52822972034,72176235844,84173439808,19446454893,7.68208E+29
0,84,35485903767,-66191669290,13256546086,-89104217495,-70313714344,-15326272854,1.66569E+30
0,85,18221720023,88262476107,14606701732,-18867427913,-17998586470,-53610828036,3.36599E+29
0,86,-21450570025,44720107132,-68098958031,-82957704794,-23825529566,43696507576,6.135E+29
0,87,15343994424,80090926708,65910453572,48761488889,-40690089918,-42824624281,6.30826E+29
0,88,-33341692823,60502180885,-67341256979,33967250128,-63840084395,-85221108797,4.99384E+29
0,89,-48155315963,13842731142,9470790018,15341318796,71957390103,81536195524,9.28245E+29
0,90,-39770851737,-79143996285,-80313995962,-85655917186,33669051897,57628791365,3.23738E+29
0,91,61153359359,-80423369605,10513788720,26244266836,57891471310,74320114635,9.38293E+29
0,92,-19211639491,-24742609450,-87033948836,19547467797,31313322125,85959108534,1.17094E+30
0,93,-55671757847,-81651866101,5813857759,-87963791737,26779464031,42365116397,2.02145E+29
0,94,33511991768,-38463984572,396011172,-10379835669,2738853895,-58050684799,8.09973E+29
0,95,-79713020013,54279351635,-27828917534,-89240256176,54835180827,21245097193,2.91623E+29
0,96,1275765945,-74042107308,-2907050789,-51268786219,-78556671176,36207405163,2.99257E+29
0,97,-35497798973,77142946159,1852468801,10966836014,54179943037,-2460548007,6.30117E+29
0,98,21285140585,56001568316,-54521092989,-26412355543,-57502703478,-65018013316,7.41152E+29
0,99,-63710199612,66522370011,35855643614,-36615526810,16128289826,22364323315,8.61755E+29
0,100,30768582905,-6578372111,22805066185,83900013013,-10330194855,56705136932,3.52087E+29
0,101,87611047769,-57924202651,-89809314837,-32173206546,-16935067572,52324818608,1.03862E+30
0,102,14566754969,-43220052364,-87895678240,-63413527567,67630479300,-5827136168,5.99442E+29
0,103,-31865485958,68129090363,-13930733787,84973022428,-65276795746,-27525496485,1.43462E+30
0,104,-49775593776,55665990393,26421096549,-59487523296,-26604459169,88685848990,1.18419E+30
0,105,39367895506,81492970831,59459466589,79463713026,34519274696,-80334261217,4.52284E+29
0,106,-24433640438,-18220691647,-57455399605,-15026912070,-6195680526,-87638972884,2.13909E+29
0,107,9367490475,466393681.8,-51383555611,20665798526,30159578902,45892010716,2.58302E+29
0,108,79576912524,-69445636887,-67956270994,33789649539,37044018738,-44146337956,8.28938E+29
0,109,25446064963,-88434690850,86828559516,84346111918,-67771263653,-68399866653,8.25831E+29
0,110,34254565540,58902584253,16530723551,75956221404,-28740582340,14357018648,1.84809E+30
0,111,9198319540,74404861431,-29193089169,75986427683,34276217249,-45088391350,8.0686E+29
0,112,37219148481,64948070805,17818023233,83566298178,76954366362,-24382709675,1.44169E+30
0,113,72003400931,-70148949746,9163748976,-47128570716,-60366203244,-49648282668,9.05181E+29
0,114,-18867965526,81548889884,-1283524901,15796015525,-78236035440,-37353280708,3.89255E+29
0,115,53091074843,62221567670,28728576090,35372736257,-77417510099,-29156828436,1.43698E+30
0,116,-44934433034,1320253531,-41921051561,-36276507043,-64511536487,20857822609,1.82645E+30
0,117,-38396038880,22817542495,-5315695346,-9287134677,-54496124109,39866308047,7.88343E+29
0,118,-61874280205,53390421628,-34565252937,-68380159070,-56041807406,-33317123458,4.39106E+29
0,119,31372203291,-6040414601,-8497765949,77286301511,7440949207,11995889447,1.21216E+30
0,120,-50119268850,-85004984318,81988052059,-4862550398,45956132988,-68219541592,1.44828E+30
0,121,-2953796485,44220709215,10432516899,-78609063190,-36609660449,-75641224160,5.24493E+29
0,122,-76846165698,80207542725,-78644265337,51815055901,-63637671812,-74753908828,1.29508E+30
0,123,74702208644,-74378576357,-56925831859,-12278781303,-74830027586,-31532233746,9.0567E+29
0,124,79863322595,76757401926,-74627506352,42974114380,38889984992,44607382132,2.41631E+29
0,125,23126362953,-9208229971,-6300754892,31618955399,3561233363,-69386748432,2.94611E+29
0,126,31889132766,-4665937534,-52542390096,-85958864154,45933067732,-44248349428,9.38471E+29
0,127,4965077452,15812040254,-77877844683,-34016459391,44507224268,-46538512149,3.67288E+29
0,128,68149845703,-23463286240,22968009041,50428439956,-66497695435,-69548990077,1.8712E+30
0,129,-76739710709,15606670870,-12243548770,74709871976,-81459837124,-14670136803,3.59654E+29
0,130,-18591429519,70219372499,-40876666552,-60292781817,-14668941647,81517487428,1.89367E+28
0,131,15935354850,-78245246688,57483699609,-14200602343,-39079687303,14187614855,1.43636E+30
0,132,51290336385,49774332407,7253993867,49862973203,-54442183145,5892908053,1.59691E+30
0,133,24530988323,-33357560412,-61352470272,39360210507,-35864586293,-76272054914,1.94318E+30
0,134,-65498355816,63911410033,40542947787,-81585687828,79779083049,34839546377,9.85594E+29
0,135,-78653087698,-77231867732,-5311561235,-59931366214,-13467466586,42110482781,1.27449E+29
0,136,-20140645255,-18765628519,-53808404232,-6680390420,75587640599,-51186191515,5.06295E+28
0,137,25696514060,-29226506573,-2620306023,21987194863,-60657763746,6974391404,8.02173E+29
0,138,-32475837531,-9449298443,-47170569952,52094510846,3711537750,-10903866144,2.73563E+29
0,139,-40766851878,-15052257094,18547993908,49280044466,-33776248856,48070538178,9.69431E+28
0,140,-62179068167,-34985122233,23164233229,70683554559,-65150714006,-12151464096,1.08963E+30
0,141,60908761713,-51889937002,-17796485792,26164678392,-26736073577,40950368608,1.6538E+30
0,142,-36188046634,44782578904,70131591194,4906922172,-8947292616,84524625657,1.57332E+30
0,143,22479925186,7340022760,53491330142,7614594765,87081273118,82537355399,1.6443E+30
0,144,-49903217834,-59686790041,-37263286771,-1162986980,-2962652115,56169820791,5.5876E+29
0,145,-55490766540,-78428230600,-88501268516,-52073993615,-22530424852,-63444132225,1.96449E+29
0,146,47982574800,-20722567.92,-38560476487,-87201656440,29434196865,18075196525,1.4195E+29
0,147,-58595146121,-42131956515,-69388231150,84877610759,42445115235,-33537839148,1.60017E+30
0,148,52943544773,84983163819,-50323465945,-27206892060,-82617257654,-23918696224,1.95104E+30
0,149,20867453938,-84858617158,-84483932124,7709959710,-50566786953,-88508316320,1.97746E+30
0,150,52467702721,23327093412,34053687789,74928599941,-15069555055,49775258316,9.97151E+29
0,151,75690575420,-88256845631,20913563159,24893402769,-80211931342,-12118401796,1.62409E+29
0,152,-1037918677,-28500081974,71683737763,-33056772346,-46939768353,-48720452052,1.45855E+30
0,153,-66104643589,5934618807,8597899744,14691492147,-59783016003,-77889058684,5.11576E+29
0,154,-83970343973,-31408261010,-30431751708,-4535176873,60116845376,33877243309,7.51328E+29
0,155,13567493092,49713489936,-46096028286,9598890663,-23504739744,-69326566743,8.98747E+29
0,156,-60494421683,50868970354,33013527413,65645212229,36932889181,42124226978,7.64286E+29
0,157,60585724685,80408270576,-29884335420,1264320737,-3181398977,-24301272530,1.85167E+30
0,158,-5802066194,-84229638072,12685355144,79943366567,54741876755,76322299321,4.67634E+29
0,159,-83043678500,-80828714858,74762611757,31613968822,-13859783608,76591566416,1.74153E+30
0,160,40057221746,80337912455,2599530178,57907598132,27372195159,82411938340,1.2468E+30
0,161,-26845812554,-81011677531,24631264506,-50630921232,-27038152481,-56620744849,1.88106E+29
0,162,78925001896,39983036368,-76646989311,-51145110459,86292879530,28822078334,1.48414E+30
0,163,75362753520,-40245977671,37714414938,-30507896092,-52438388409,50945910354,1.91165E+30
0,164,16198845199,-53898182083,60148687648,-33430218471,89568145914,-82893906542,5.25597E+28
0,165,-74366295918,-53299581864,-1628390229,51474070196,29003294050,47776086563,1.63368E+30
0,166,56498762473,-5523745553,-62730252148,-11059632063,70098475448,-71994787480,1.65432E+30
0,167,54773715140,-71937081286,47002157172,55655417075,58126663630,-14093938485,2.57338E+29
0,168,-5782189439,-53099945876,37917194505,87397307572,794637012.8,-79192430582,1.21181E+30
0,169,81415179202,85060895762,-64937325862,4503836678,-82101997634,77851408064,3.68124E+29
0,170,78862502402,44505310927,58725337066,79892700264,-24651218117,55594717967,1.89154E+30
0,171,10636569524,-76514607398,79998831410,-12805663932,-58975536619,-26604131803,4.80021E+29
0,172,-78799844325,58484412295,-55509936147,-72093778139,53521070168,76457551103,1.63186E+30
0,173,-51752873594,-37462678199,59501249074,84874225578,-60188522181,86026411430,7.71768E+29
0,174,83981305226,-89867863287,-66952629618,10740641564,24528011236,-47523000814,2.81986E+29
0,175,36209712857,78846465325,19519902629,54262608056,-35735698478,31909404349,1.43061E+29
0,176,14633778617,12395393884,79875281477,-20500187944,-63938009617,12846278227,3.97442E+29
0,177,86602130578,-72686731238,-58050196673,17030672677,22984705106,29735432759,1.07004E+30
0,178,-84242672172,66619565712,-6400603111,-23851170737,29242157687,-74207256420,1.34532E+30
0,179,79155128153,-84272551285,4289882938,89724335865,-63738770023,58317040900,1.22075E+30
0,180,11096305916,55315625495,-51413296209,-10354378748,-19367725806,77958283878,3.40834E+29
0,181,-33912915857,16892872553,-19478215975,26499952704,52853590969,-29007685089,3.40951E+29
0,182,3234457372,-88877363237,50327090465,-61800293284,-44712080138,-36175567660,1.27378E+30
0,183,-59799708552,54778348487,57787203677,37010414245,49473129101,76843592596,2.43567E+29
0,184,47527912477,-32523674507,-70871822950,-56659744869,-16773774663,-16983194499,1.31551E+30
0,185,-77281044961,-65743542403,-77818278904,-78546245549,25193686221,23348362724,1.50509E+30
0,186,2446278095,33771984232,3274681754,-46069843417,44047155440,-61525139553,1.70412E+29
0,187,28029089788,36213863558,-83664061162,-29182462648,29510482390,-47111099987,1.83222E+30
0,188,6890375929,-49825177724,-75595320178,-44996154186,58664702786,-70702902400,1.01483E+30
0,189,37407246490,59829321858,45816602573,54145741074,-57794372149,-44203203669,1.22715E+29
0,190,-37750502796,-9986010019,-54705333131,82977726576,85904503229,29525419849,1.43364E+30
0,191,64268264613,-75078926180,-12667554582,-12666267190,-47527821297,9224367008,5.86551E+29
0,192,-57310862339,-76581898787,-1925544248,-26784258056,57455137421,86360324072,1.52338E+30
0,193,32878819234,52451564653,-26958067289,-4677849943,-57023828215,67729710253,4.65273E+29
0,194,67848294342,19216790980,23349634481,83148303464,-35625850670,-11367426748,5.00174E+29
0,195,-68482029467,-71779809946,7889490553,-12899784291,57967707221,-53662708318,9.07104E+29
0,196,-16113785435,65039481451,56719541257,-8652566147,78785167353,46316852140,7.14645E+28
0,197,32550421954,80837561418,-26012015605,10819138722,61644356405,77978996678,4.08542E+29
0,198,2453273940,-67929120800,17355724080,14549195652,-13015176684,-5834572769,1.59991E+29
0,199,35832177183,42308022436,-17049989912,-35580009645,-30631962716,47308175118,3.75534E+29
0,200,-66842607881,52342473194,-73049822141,-62831716409,86021316173,-85940287693,6.84221E+29
0,201,60498589587,-60310436027,-43731269652,60048413882,17871739044,44273737876,1.21236E+30
0,202,-11367914789,-63792492496,69443170506,45138538398,50710591461,30506798183,1.59663E+30
0,203,52886475978,-14222856735,-79932858742,-67600389053,-43715383760,-79405629023,1.80676E+30
0,204,-52752058452,-63592107147,60172125480,83894132454,-72490032925,88116048806,1.5748E+30
0,205,86696339985,-38319405544,45668044409,-79064021710,44860286889,-72877801713,1.20686E+30
0,206,-73603047683,45727595847,-25189986778,2124017842,-84151819836,17334789844,1.18309E+30
0,207,64278100425,75341911630,85566713944,-87738898305,-42892093831,21456791097,9.34366E+27
0,208,88357015427,-72342544873,-4266085789,-56081586634,-53721347021,-39153544610,1.22693E+30
0,209,-3919576754,-2052340127,-53215290467,-34882896564,-9819081595,54177395367,1.79772E+30
0,210,-5062299692,45978514849,48020921849,64600967565,-37270167568,55671352935,8.77889E+29
0,211,-53015222206,-49984061363,23702957256,-513067736.6,-38356113567,-65495336498,1.65196E+30
0,212,40031407103,-60901098008,-54465443708,34609972605,67411487776,60179013719,1.45327E+29
0,213,-16217464683,-54462968853,10959837520,803884513.4,4070359266,27570953606,3.31198E+28
0,214,69147134576,59935442665,25653866261,23151803663,-19475939966,-51871169338,8.1804E+29
0,215,74966294744,-4526265134,46687585050,7661727364,-44530972949,75946536198,4.32775E+29
0,216,89975469901,-79115009914,9910428024,3081200980,61423277922,-72102947420,1.223E+30
0,217,72002402144,-9580850364,-62732610502,-51269946296,-81376625467,-32499167250,2.42552E+29
0,218,80698908067,-33061246597,37623088253,-38164050207,-13385118785,-49194856755,3.94867E+29
0,219,-52775516122,80192604633,-80882857085,-76449929353,8581235122,44624152121,9.84643E+29
0,220,55484421684,86400487305,-64266687807,-56275241852,-64117284608,-78293510059,1.58299E+30
0,221,86520181785,-10758483419,-89819588434,38941017610,39452097809,20534163930,1.96271E+30
0,222,-53573746359,18308210735,35307673437,67081320427,18663400273,83672595875,7.25801E+29
0,223,71344505596,-50790842640,45342859614,84000688611,-88743659685,55768937606,1.62312E+30
0,224,4884328505,36048450654,-76860109928,18586646341,65835797101,-80109201468,5.97459E+29
0,225,62740082761,11913635968,74732731439,52935292830,-61096438385,40637319887,5.08397E+29
0,226,-65886670131,37499453529,4790772701,76445521311,-60556082351,5074980585,9.99579E+29
0,227,-54377731968,49938094858,-57278145891,86692947225,39726663043,70659252416,1.55387E+29
0,228,30412684317,50239140688,37176290956,76287831100,-23743594187,-81681422155,5.70418E+29
0,229,-7573180338,-89581039905,-33422200099,46776903139,56821223532,34871061084,1.2634E+29
0,230,77549107822,24987647295,-41934705012,-71953072096,66910042218,-35907831236,1.67428E+30
0,231,76339870981,-52510889146,-12541900718,-47457541653,73380301426,-71030249994,5.17225E+29
0,232,74399333670,67791817590,24879469407,-59773682916,16801707991,-60099189911,2.91167E+29
0,233,-47059199986,-13075518806,50303504888,-23713519152,1105710986,13989449549,1.68738E+30
0,234,28807097786,-70042195541,-56012302044,-61327171886,-31315569413,2050810744,9.47117E+29
0,235,-40417000243,-55718837814,-7113967196,-52241652243,-56363223302,58592557299,9.91269E+29
0,236,-38591747113,-9958162428,-3069347369,-38814015409,-79424051449,-53698170221,1.32349E+30
0,237,-39202266595,-53690561846,-5306295650,-14717813863,55974519937,-19143115213,1.32766E+30
0,238,86202410744,62150764515,34062286735,-34846089538,81279305858,1354375442,1.29176E+30
0,239,29201234516,-9508418707,2569238653,-31904468174,72486674508,40073146839,1.18384E+30
0,240,-75823507249,-25597578432,6004174652,-56751977656,34406841544,-29209810562,4.91535E+29
0,241,20772647471,34660385077,88334321658,72079737790,-49159931030,86648555138,1.34203E+30
0,242,61241015947,77858364978,35814145145,-30448687675,-50157101709,-83924654401,1.73544E+29
0,243,4094228815,37990746233,-67518813648,6771094311,35890042972,79542221084,7.98808E+29
0,244,-29262591536,23962506849,61298414261,35045440971,28314645883,79572453251,1.55653E+30
0,245,-59462002366,-53919353690,73043861331,18074252623,17119868943,6225215368,1.96273E+30
0,246,87114246951,64080856120,8559766097,34034539562,-45909510805,-15603246960,1.30479E+30
0,247,58963798190,30901390698,-62195484940,-29185349518,-36189785909,35138006913,5.45833E+29
0,248,-15959021967,-58090856134,40473877900,10920519749,56404758200,-83214800936,5.48943E+29
0,249,48970008516,-54662066005,86065248693,-74785263799,4062214962,9874138143,4.24387E+29
0,250,-35094992321,4254162261,-77190009085,16035622198,-9683154791,58009903270,1.99188E+30
0,251,73003949650,40784856810,-69470093009,58298470248,-15383138145,27401862106,2.56676E+29
0,252,-46315115609,1144914347,-63663417509,8439711336,-29659585896,-64472612879,6.29272E+29
0,253,73776938836,-36575231598,-45212127285,86545509355,-2184673776,-1216260182,1.92106E+30
0,254,-8339737392,-62275878387,-84659128125,-41653218390,18000197837,67969702581,2.52814E+29
0,255,-19292052317,-56305125615,14055093877,943657246.5,76924090384,23993160994,1.45705E+30
0,256,32045822488,20427902855,46093338570,-40009990787,-147068228.5,-16102720962,1.696E+30
0,257,-59002534532,17032004693,-20024152570,-14273063573,-89512672013,-33829762144,1.70389E+30
0,258,-43152189049,-76710684074,27143752554,-87713915324,-87503823017,278308150.8,4.48339E+29
0,259,-1946519812,-20047216202,50379091314,33024780409,66636330383,-56692131055,1.25287E+30
0,260,-55848812509,18693750786,55868771846,56825236577,-7577340629,955273439.8,1.24272E+30
0,261,-64813029735,21236655967,-44939587573,-12438690813,17839089810,24900439022,6.47901E+29
0,262,50453544812,-15346241695,-28983402575,-85112521645,-67316605039,-2387325692,1.71622E+29
0,263,-34215857201,75486331282,-5743694792,-71704090174,-18943034988,30198450282,1.43849E+30
0,264,82057172496,-21073644287,-7587901084,-86049588140,-53685420035,-37134149520,1.86877E+29
0,265,-75246002533,-32619074678,-39988463732,82037851812,5521351127,-74244403924,1.33999E+29
0,266,77088716376,-27474937413,-40515499803,-76721395777,-45839352063,-23869197798,8.10996E+28
0,267,79337325135,75937502119,56819651175,51836840557,45371555461,-19046871.09,1.22103E+30
0,268,-39699968224,12025882162,-52464855500,3626708040,37578322695,-15820952182,5.51168E+29
0,269,-68071351869,-74829831417,-21364279577,-80725750137,74412259335,38156951345,4.75198E+28
0,270,55964980028,64363406155,52037970683,50991959084,14709014133,-71813758008,2.37879E+29
0,271,62175766228,-68516887719,18701346780,43269144246,-20350463631,-55721472875,1.87843E+30
0,272,59163071282,69579638177,28811179845,14049180945,12423102916,63293734375,9.73807E+29
0,273,11239354487,59443238110,-82145856140,21970185939,15630805369,-22775505630,8.69932E+28
0,274,86458290160,-61568929738,-86646530941,51911873772,-70779649178,33049793504,1.32364E+30
0,275,5861964233,71425157214,-80425330904,-38282624094,6715435628,43988856183,1.03058E+30
0,276,-62947319633,32273587039,52427558951,-12106103207,-68446114536,-75397857182,1.0576E+30
0,277,54143803255,47869566766,56597186432,65601888594,-44803737427,-62533895555,1.40704E+30
0,278,73221022353,23811798897,-8788637999,-42108159276,-63842952072,-61618022971,8.66907E+29
0,279,66171757474,-16903776976,7309324643,21191598483,-47177521039,80776186832,1.00127E+30
0,280,-27797429489,17889083833,-29176603559,2950636408,-27394117457,52647061207,5.38088E+29
0,281,40604457951,-13997061806,80408524345,-25425240110,-12926718614,34195158166,8.86826E+29
0,282,-86585095575,42463921959,4252317978,-64216196925,76846105871,5219306280,1.29499E+30
0,283,-70124667678,-40511488234,-84422187559,-72256854436,-25981274818,78977087410,1.98543E+30
0,284,37226056443,-10588318979,78856767452,33951917772,740218738.9,-64169896307,1.59493E+29
0,285,30918664707,-89327142215,45683947169,-5085411815,1486786315,18950379871,2.06359E+28
0,286,31625727858,3140518554,-4486110771,-71297004785,22523945443,68631969458,2.55895E+29
0,287,31520966750,-75746665755,-26230477287,16796340776,-48572359856,-35327810898,4.09705E+29
0,288,-2287897791,79735698815,67734209783,80978595395,5764421547,-21208409574,1.99263E+30
0,289,73007689808,-78379901321,-35322904477,-9183943062,12910332645,64742531499,5.69588E+29
0,290,-14616016230,-19845391832,-62135134119,24808976539,32036600044,-5019957100,2.18946E+29
0,291,43638970581,-38668775662,-2536071424,-79515341266,28372315451,57914529203,1.98581E+30
0,292,58111570472,24780372989,-24201368574,-54533251600,-83182799521,83539523798,1.71245E+30
0,293,-48361174434,74583869317,-31013632202,-46519501845,59026161977,-69121715111,1.69375E+30
0,294,55953933396,-7513273079,-7994297650,34715516720,-14536769696,54839894641,1.86473E+30
0,295,-52759951042,69461042518,41483776784,-49379383527,-28645652439,37718396831,1.50498E+30
0,296,-65414063391,-48459603548,-20490053491,-20139724357,22707643239,39737222689,7.33218E+28
0,297,26698983595,-83276306567,35194228764,46163303958,-21775253940,55412436052,3.0134E+29
0,298,-74833157213,-69373061582,-3370829360,-84150925990,-44330807593,18191928755,2.14578E+29
0,299,-87685326565,-10820179454,-59306363376,-56895591863,5355556037,-82599182882,1.40808E+30
0,300,-64708535821,21675765458,-63433905890,-88652073382,87424931630,-35733824568,1.47859E+30
0,301,-82342087667,-62689923957,1662270999,59214441618,18855990695,45955429616,1.80694E+30
0,302,39562442833,39812718805,-6363905694,-61342456702,50908187033,-44644523247,1.82664E+30
0,303,40246799029,31663270526,76228791730,-65872837968,-18237267756,40231125087,5.89852E+29
0,304,53747664815,4702734198,-43899685194,83893253440,-63864766864,89262716416,1.36372E+29
0,305,30753580674,-26956420034,50192293997,53133958551,48464038295,46613815029,3.82981E+29
0,306,77965936249,-81031244103,58976874474,25528094741,-12918783584,33425966031,1.70006E+30
0,307,-58362519560,-45129744404,26733876913,7450428818,44422541429,-67917621555,1.75705E+30
0,308,-29510390868,47679866434,28253926629,-84089723914,57158428294,-63715792776,8.27123E+29
0,309,34201876539,-81837063331,50345799179,-73722319490,-4368064506,30267228929,1.19182E+29
0,310,67866113836,34674244388,21740272613,68604852782,-51876487410,33614246496,1.78084E+30
0,311,-36009166754,22942712719,-24539662114,-34655733511,65915924718,-71108430405,1.95902E+30
0,312,12129492969,490123860.5,-22837955760,13457408807,39967919948,32092333941,1.77882E+30
0,313,-55122708591,-55321574251,7671284515,56836407183,-29167968106,81186082215,1.27183E+30
0,314,-60426492031,78877770073,70536644145,47404276428,-12771317029,-92658947.65,1.15216E+30
0,315,24046965020,-10324069858,84716186810,-6557866699,72098173733,72223978835,6.45668E+29
0,316,-4746443639,-32598059364,87502998783,50716528497,-51817305324,58748271768,1.55413E+30
0,317,-62569268812,-2382352887,-79246939.4,36075360780,35822581957,53170090251,9.90192E+29
0,318,-74874285098,17849369031,-32976300481,-38791921885,-89767206952,-76135551802,1.11933E+30
0,319,39253403807,86112149769,79181137166,-48178448181,38283000911,56100182054,7.8162E+29
0,320,-74743682328,26549344636,35250536535,30793726785,-10178464682,67296414053,1.99414E+29
0,321,-36294793708,74096522901,-72456120033,-28441123904,-16349593709,-47061611916,1.54965E+30
0,322,21270367533,88003962386,31598585864,-75329419594,-34530748774,14131615209,4.63437E+29
0,323,-8051377568,45924032823,-21005299766,-68954770112,-54844034191,-27517362068,1.15654E+30
0,324,-32735180836,-70696850724,28131035777,-89477240825,34765015139,40270466676,1.18879E+30
0,325,-23420345410,-56670794524,-53669658199,-84801471680,13214154185,47427959744,1.2015E+30
0,326,-77405579744,31749840705,-4169179442,67909422966,-38231315215,32402968230,1.14015E+30
0,327,18288343806,-9757477049,-47705623763,82698264582,-73415442003,81431887083,8.05714E+28
0,328,-2268607861,-18787733068,-69473563477,52971786880,-38578216529,-36412330058,9.17006E+29
0,329,-51984355545,-42633686543,-28972185427,61451310672,53612097981,-53042338982,1.2667E+30
0,330,51981819787,53410375926,-49863452378,-65444401330,8016340179,80075891869,6.39486E+29
0,331,71777261915,15947099603,-4974385951,29132620109,44949372776,84930861455,1.40188E+29
0,332,41074165385,55276310267,31176696677,-19251565191,71021366029,-56896016399,6.53273E+29
0,333,-83898698336,-60598336302,-40904834905,-74142379474,54143047805,33891108133,5.60124E+28
0,334,-68930178303,11536791024,-6504869189,42820748387,-66207322430,71742216346,9.9071E+28
0,335,68475888309,48174678998,-46635338658,-3318967170,52452782231,-89261011985,6.13369E+29
0,336,15920465668,-83232408993,50023950023,-78032116671,48756505134,15185124895,1.96371E+30
0,337,30281291306,77913566159,-76542544108,-6652819249,-34151580559,28482336087,1.59168E+30
0,338,-36762506281,-50425813487,74685139258,-54403196558,11111273494,12926814760,1.07827E+30
0,339,-62465723559,-71083378325,-19009888041,528198774.6,-931441508.4,-45624023070,5.04636E+29
0,340,58827571.66,46652643584,-47096143330,48893044477,36173816453,-5894709267,6.43448E+29
0,341,67731214431,20707393112,42211323500,19354282679,79878024487,70014008575,9.35633E+29
0,342,25898334422,81862671672,1567373267,75934936798,-7868685091,-69870274057,6.52123E+29
0,343,76661356633,-80938378402,-30291668039,-82272126031,29377914381,63448684517,9.59082E+29
0,344,52131322588,-2129417837,-30472204918,-53224393115,-51237588828,71917550435,1.69965E+29
0,345,46979354298,13101996114,-8313577723,-85227988156,-43268219543,22138652265,1.97029E+29
0,346,67482024541,-23650041390,-33631618361,-66042025170,-73039721711,21247299597,1.73812E+29
0,347,47470693714,11105644379,-72417447896,-22469655992,-88505484938,39022486983,1.05096E+30
0,348,-38601446542,5307404724,31312975875,-22678901925,46615777103,58646792949,1.59759E+30
0,349,87398191873,-946684753.6,-72899456829,8138375148,-21426089620,46509253499,1.99678E+30
0,350,77478866503,49161258903,50718841367,342341033.2,69275728921,23842475902,1.68104E+30
0,351,80350504531,63988130465,3734994861,-44764575014,1612949335,-6397989674,1.61621E+30
0,352,-5414483931,-43737408220,41105705849,57470748979,-55656893527,-77761719628,6.58691E+29
0,353,75082641608,62934274977,52253164464,35185606441,4335869371,-51663670079,3.09503E+29
0,354,-54716550404,-70683095625,54376795127,-70037333059,15483296061,37503866528,1.48645E+30
0,355,-7412210717,80127195594,33385800360,-42787953788,67422322637,44524349435,1.9096E+30
0,356,-9132716843,33536274995,-23293586029,-60162570234,-70917994815,-81348235745,6.20309E+29
0,357,76901544419,-7009103075,-3715854487,16997083652,-15781272599,-38565740419,1.83334E+29
0,358,-14687345473,-15592357342,-3883450695,-52875728324,55491414719,-55322301313,9.93831E+29
0,359,-3066563822,-52285307244,-39537829774,-69473834016,-67291533892,-44818889922,1.41606E+30
0,360,62479237737,-52027738577,14343280322,-83847537779,-77484737133,32823261442,1.16577E+30
0,361,75153412881,-44829740794,-68518672631,-86495251348,76475184626,88620593979,1.8555E+30
0,362,-78013836729,39932053303,4189931275,-48984337997,-80078596337,51876428228,2.21738E+29
0,363,-29372725950,-51304630633,-31744367766,-19205481692,-16074482855,-75526018564,1.32032E+29
0,364,89237409031,1374364654,56854577414,-30525338364,74220207130,-79076493889,1.22884E+30
0,365,35277016796,-81933167158,1452824394,-1077032289,-15003893489,86007760077,1.23686E+30
0,366,-41353935991,56270082611,7067232774,66595353215,-50314958781,20062119685,1.8926E+30
0,367,-72891028155,84592536709,-8875140882,-23567366083,-2650538982,-12728262708,1.05645E+30
0,368,10430173459,84170310636,-55671843055,34682485803,49479875628,73424263610,1.30396E+30
0,369,-71538116001,26159350523,-76313140904,-40046677142,81245788868,36777334455,1.63098E+30
0,370,59355341169,27911245974,-27158940001,-17915798229,-70650228326,-30727565262,1.26032E+30
0,371,24222811561,38456062853,-27864004528,56391154398,62633368009,25374943815,4.92567E+29
0,372,77093446194,15029744574,-87690216004,-30085319300,14861118975,-13059442888,2.88942E+29
0,373,49773343380,-60688703508,24603990344,-53792157896,-51515145772,-58547084527,8.836E+29
0,374,-68246647700,-20424452916,67727020157,-60433379566,-64424743115,8201466223,1.10098E+30
0,375,13681314191,-48303291757,-87197983489,41775385386,-44833934473,79607821375,1.06021E+30
0,376,-8392800952,-88150257382,44430264338,34144363051,-70584592685,80649061096,1.38757E+30
0,377,-59448723398,61683812112,78663609486,-34713324184,-70010849508,-2511658404,1.92561E+30
0,378,-87240303851,-6740278759,70521014841,-70089077032,-83856997668,74467228545,4.80867E+29
0,379,6884795540,9434107815,-8272888710,-40581249714,-34407018840,-40854885039,1.05487E+30
0,380,29851987813,5103312821,62414679206,-52033957895,38283979841,60289820435,1.00753E+30
0,381,61361253332,-27239436753,75918651079,-47690639998,-83882469091,-88836152752,8.78164E+29
0,382,-53093873124,-70989125178,-49326361026,-32698751390,33714291353,-4307834223,4.31073E+28
0,383,-38099092263,37224032702,48981708273,77531634330,-69810001300,44044979037,1.96341E+30
0,384,-26160151913,65503393868,-33074845349,-54055498732,-41210229029,-20659488767,1.93485E+30
0,385,-51328731133,27109977471,74619434827,-44562848449,-12399026928,79333435507,1.53076E+30
0,386,9439426850,-19625718566,52818001103,62130351764,-58560251109,-4707484984,1.61825E+30
0,387,45490270476,-84356230707,-57571821844,-10027199314,-59511904875,-28802725814,1.55795E+30
0,388,-20215131623,-41733051972,-52447855861,89519161051,26774212701,72909556583,1.34926E+30
0,389,64696842700,-32189010263,-12950330397,45037204635,44319988488,-2507382553,8.33534E+28
0,390,-36923485815,-47018609679,-89861936716,53834787589,-75092705999,-29982980517,1.96663E+30
0,391,-7478623972,-42797165921,-59013123978,26491474998,24628671993,2509880992,1.03783E+30
0,392,48004350622,75970639210,19507171508,59476927350,-7012044918,65226362321,1.46556E+30
0,393,75501736886,-58855809790,-82265423469,74627616415,70106854749,33936431508,1.56119E+30
0,394,-71593747812,-48361132046,52890301070,-32539157536,86653454536,38794776203,1.39928E+30
0,395,52949846592,-17590578920,87976654704,31463825444,26386433201,-22856051843,1.17635E+30
0,396,-13157648566,21071792179,78183509292,-13598867472,25770213102,76314004565,1.74429E+30
0,397,27461142850,47201141266,43493249850,-63394318255,-45246358283,-2546622925,1.26601E+30
0,398,-66579213331,7548881860,46692454788,-60668229492,-54423772145,-15653150381,1.9016E+30
0,399,3744378730,-81438680379,65183561977,43198499375,20628760121,-73027702964,3.52448E+29
0,400,52983197725,47625195705,30739429504,86273687226,27052211462,57511724293,7.10713E+29
0,401,-83411360833,-27509680819,-45485751415,24999902299,54426668633,-41948242928,1.01995E+30
0,402,-32477582100,-27064611653,-32131341689,58143816737,-5923856419,285547894.5,1.97978E+29
0,403,-50276530802,5943334405,35205911197,59811514139,36187504959,-53826606595,7.09068E+29
0,404,-74926763202,-70441504682,66221967053,-33447882165,63896152573,-31028376712,4.5431E+29
0,405,-61002190885,-13581049179,-35284413658,-38900295830,-58917583425,16640661759,7.88459E+29
0,406,-40409567699,75370787665,-59808732874,8150573942,-19384770953,-2930107606,9.47803E+29
0,407,63224295979,71601452543,35893497601,-24028295310,-71298805407,-48013265583,1.47858E+30
0,408,46495026651,-79924180567,82487419261,75562660788,77331655425,-44914005529,1.85171E+30
0,409,13913948334,83705814629,-11892724632,75804981358,-9750444076,388609305.6,1.53626E+30
0,410,-71694510506,-81508272214,18785319512,-39197761806,84622066861,-49794578557,1.9528E+30
0,411,-42143016382,-39272617233,-73656791343,77493629303,16942705359,-45856397984,7.52102E+29
0,412,-3561222497,-36658613175,19288092444,-35054880474,34177628985,-83991279657,1.46411E+30
0,413,83170752313,79330836864,5706480893,14900921889,-35313757587,-74341341750,8.75273E+29
0,414,15917453161,59562481933,12762413044,288417682.4,44284289096,-46529163189,8.82317E+29
0,415,-3695397657,79925248887,-41067103889,67805619528,26479362835,-14649452456,6.43393E+29
0,416,-43908211700,-24448119767,-7616882889,-18845228790,-84161812680,35016211119,1.90612E+30
0,417,-26978513439,31553086715,34762683767,-59798168912,-11058637561,39969561347,1.20613E+30
0,418,-65994092450,27488779376,8326557426,66890072697,-14241853886,-11276362059,1.58782E+30
0,419,16211287312,25245622098,76269783048,11746534074,34219632861,74441212922,1.90913E+30
0,420,-31182713272,87838364224,43394301900,57671052931,-49262965622,82410447873,2.65874E+29
0,421,55363641046,81829595072,78631850763,20620982217,-23257063693,8358343784,6.3505E+29
0,422,41520822374,87404526267,8645346498,-60121674057,84688166230,1981443237,1.57988E+30
0,423,21657790770,20860311889,-54300648707,17945419473,-23517537225,67425336078,6.36502E+29
0,424,29619976958,-1854430520,54366519339,44582383126,74105556633,76998614993,1.87729E+30
0,425,46120554095,38143141270,81596100580,-37288233116,29406454522,-12179556402,1.96519E+30
0,426,-38495921856,89848398032,65705534031,-41095235581,7668039397,-37004870413,6.80127E+29
0,427,-69443996357,81614529095,27165024449,-18785826786,-28317566745,-40347844482,1.59512E+30
0,428,39996245864,-66681577428,24605126093,-13389046688,40265567763,-34109055217,1.40331E+30
0,429,-51456874402,-9702018178,38256988952,80088712333,-70899620301,56179350039,5.16877E+29
0,430,-16619026867,-76183215061,-77327052710,79410036086,12387333372,62424525746,2.37934E+29
0,431,-69499241488,-5568474862,42728700139,70934021127,76555861524,-85331411442,2.74244E+29
0,432,-30557111961,-63917302172,10351408994,64410810889,-1651483374,-77559639243,1.7848E+30
0,433,88589184575,-27831698951,31837841724,-74624778944,45825711493,-31211577057,1.42368E+30
0,434,32573935462,-56375872913,-47047588042,73534482065,30696733406,6996941512,6.15679E+29
0,435,-62800465346,49657842149,17956495073,-59657560989,82060118755,-7909020875,4.87524E+29
0,436,-25551108157,-35561308149,-74779780857,87117244233,-7431291597,604563416.9,1.42887E+29
0,437,-21692381188,-23315183343,-187540532.2,-33061846145,41360839815,-32106555692,1.38117E+30
0,438,-41570856824,19521227971,-65805911516,-56653421223,-81312062578,-11326758733,1.89876E+30
0,439,-69442518138,3925778222,-3356254960,-75072070516,1660310130,87922381905,7.26431E+29
0,440,79720706614,-76806069461,-68937712733,-13355213627,82718849153,-78156767769,1.93279E+29
0,441,-78701031184,-35479048612,-11265438365,5657725312,-12807335866,45285101839,5.93113E+29
0,442,-4940166155,51416576923,-8081419999,47912064684,-67877465597,-71134141938,9.75695E+29
0,443,-36172646460,-59027117077,-9002203798,-84184228879,10674675776,-13764333145,1.79714E+29
0,444,44692066739,-81057179093,-24973061354,-43874100480,-20517937666,47870041740,1.13936E+30
0,445,81843604111,86990549695,-37025529167,-5655719450,-43400660022,-80953497572,1.86459E+30
0,446,27698535597,-76184629932,88233716511,19808546503,-45842477534,-6852475408,1.26073E+30
0,447,20940909136,-83903449057,-60583340482,-63921203368,-19318076611,71006047030,5.10192E+29
0,448,61045364284,80758330146,69089316328,-23848212577,-47544758873,49161226875,1.3564E+30
0,449,-43816723255,27595110352,-5723643883,4152095780,-56430430326,89751561753,1.43435E+30
0,450,29513648679,68235351708,56291869915,20147546219,-34696683341,15659122565,1.39585E+30
0,451,56220425002,3535146099,-56603949306,-65667146521,-2299114532,-68885146141,9.1415E+28
0,452,-25977747236,-807334777,3169358498,63121382796,-23545547363,55079466642,1.46266E+30
0,453,-9288756980,-5040912313,40631662951,-61546691243,-36862053952,10395827208,2.18712E+29
0,454,20584072447,-83121850727,-29312585923,-26002162602,-77086477614,-34430431996,2.70947E+29
0,455,29125894705,74055274044,63867049675,-39222491649,36934796801,-69840326102,1.45563E+30
0,456,-48273031485,25891106387,32208166738,-25975922245,-6276198316,-73196119058,1.59354E+30
0,457,87470753444,72567760946,3921150800,25123608458,-61014664909,-82357793621,6.56784E+29
0,458,1838942032,18229369995,-42080381748,40311095679,89243904136,-69539870447,1.64043E+30
0,459,-15474349590,-67611839923,75410929300,46018317658,-89670325550,-74305677700,1.90753E+29
0,460,42426654808,85205048671,81180644186,31376265367,86095084381,-71036047573,1.85354E+30
0,461,-37618767766,47772834080,-63889899015,-56945521438,-55202195278,69639720395,1.30213E+30
0,462,72257700641,61530151809,-70652789937,82032771939,-46768707048,-36599797969,4.91481E+29
0,463,-33814919276,-59103628337,-75682575729,42557690869,-13971901416,29885281803,4.4795E+29
0,464,20028746021,37647406932,10011588159,50801347339,31946130433,69957250298,1.01611E+30
0,465,-63994028721,-36043212950,23488315397,77945063558,-64102817532,17724268765,6.98271E+29
0,466,-32510888666,-77292515331,-78263532130,-6961711716,-8368487268,-18249028249,1.13364E+30
0,467,47750157546,-53034616671,-46652906586,-7232706958,81006950652,-74690380757,5.82654E+29
0,468,-77533785249,22865565918,12725610921,-38112651214,-72018247328,34387859974,5.74933E+29
0,469,60444732208,25547738118,-42471560462,-3959879918,47050853209,-34263842082,1.9057E+30
0,470,62286078947,-80629904395,37555586415,28866488828,50018609723,56378066695,1.73131E+30
0,471,41459596286,-62897240050,22328060356,-4544463866,49769558452,-14267376582,2.50794E+29
0,472,56647345895,-62985939080,-8100305615,30475810775,85411829105,23894374087,1.2208E+30
0,473,-20920863119,15752376889,19393321188,72468611119,-78862124318,21489871288,1.31561E+30
0,474,37766338114,66871249338,68593801753,-42070435402,-26613982511,89973695351,1.69027E+30
0,475,-79848639978,-79408934552,89361916788,-84180296219,52919716244,-37808291288,1.51825E+30
0,476,36927402257,-54008765477,-69399639213,57430215660,64026869739,-5156509965,7.2639E+29
0,477,58418299886,1425293600,-37044950562,13200975436,71493093697,-59892551710,9.05876E+28
0,478,-32502470887,61209346200,62284533394,58960422410,-20296502930,-87416579631,9.3621E+29
0,479,82836439076,-20221216491,-77566943747,20622785585,9777213862,59576404117,1.2154E+30
0,480,1735367615,61961128943,-20524295036,-34798335233,65972293230,-87052889213,6.70157E+28
0,481,83186679973,38418822868,-21604659667,-73618746187,-11729540181,18477501280,1.71512E+30
0,482,23768251070,-2318291521,30287632715,78915740690,27772053888,-78797852802,1.68783E+30
0,483,-11805357642,-7293040366,25610354787,-58138843083,18901379016,-71867489186,1.88E+30
0,484,15039713221,-4086086225,-13464088198,-30845926078,13698235229,-4181962733,3.88708E+29
0,485,-72934375257,-5941673417,55039066389,89903578674,56061227404,-35972237221,7.18845E+29
0,486,-52854862410,66726472743,-36563478645,-26615171733,83082262344,-1551490867,1.82877E+30
0,487,-46195573289,-23242594326,-32200509565,37989753322,89471261689,-32068145707,1.80362E+29
0,488,-74237004152,-56274835211,-78605899080,25630768903,23612688219,84811234146,1.15546E+30
0,489,-77855349044,-48936468041,-1970348622,87590838945,16272312502,-30700194002,1.65308E+30
0,490,38529186199,-29717870476,46081880500,-41238513315,72119713622,-77153680280,4.22496E+29
0,491,-48249453821,19371712377,15148867986,-48052647486,64928138686,32337211004,6.97229E+29
0,492,29055684358,-72743637650,44352587655,53138728279,58391423548,17204793429,1.46593E+30
0,493,10158028914,9287463011,48787139053,-13803428264,43414591233,56490386397,1.85615E+30
0,494,-76587131891,-6736405014,-43835723338,-27981839293,56674615251,10136331691,2.90723E+29
0,495,83460592191,13628528342,30731562574,-40224689515,-41882068995,18855485782,1.36656E+30
0,496,-51484343205,55496009050,-56291951858,36796414647,56698963924,58856671857,1.2536E+29
0,497,47976750244,-21929847307,-26103241051,-60310567220,29470422297,73174549613,4.35734E+29
0,498,42902879131,-34601524935,75023869240,-20121420921,15200797030,-18688985800,1.89088E+30
0,499,-51796669028,-57420157429,-62979767518,-17451181423,-65621688165,32510199107,7.46679E+29
0,500,37990348424,33572759291,-27987813028,-70664403635,39250673522,25930368932,1.59193E+30
0,501,38595515841,-47194850890,1157855940,15892883406,-35095731701,-58148398876,1.22645E+30
0,502,85311570208,-81313531369,-66993771453,4517211103,-11867268293,-81290318852,9.79745E+29
0,503,10638887872,-3264650108,-62058443820,-62359372768,35597212859,-2022049992,5.72116E+29
0,504,5524482781,-10320959978,53762982930,14467048080,-45303197342,12114706076,3.87219E+29
0,505,86998904187,-65507306744,-65019944203,63540995156,28649775186,-48244397598,1.24848E+30
0,506,-34266499436,85139569584,-16651067452,-22379122280,8307405365,26530726870,1.73993E+30
0,507,-36857203082,-36052814551,-72058852271,-46987105084,-85773548178,62221541285,1.79293E+30
0,508,-69683011845,11525639519,-86885316561,40314660964,-82264903440,64969882263,1.96877E+30
0,509,-42189648991,20604063207,-3854375372,-24825400281,72551212048,71548027596,3.98152E+29
0,510,9011748024,-51769812661,67634513181,-81270142254,56251146256,56512353702,1.17298E+30
0,511,88333057635,185619486.3,-44490437865,20283608904,-38433630556,89215843706,4.71846E+29
0,512,-43773437134,-35095251048,-19316833684,41891887750,-54840638546,-18385902258,1.40853E+30
0,513,-61477737138,29507500565,-36836076902,-26959818210,-71743285331,-43939121447,7.43976E+29
0,514,-86138099206,59618784352,-48728964377,-82767144394,13079868635,-66697353162,1.62707E+30
0,515,-3688795645,-6690346797,58014491717,-21260152147,69344185047,-17399162142,1.52319E+30
0,516,2416066481,-12728930278,-36613603492,72239156499,73227175751,-60078055859,5.03971E+29
0,517,8374914941,59006876318,-55974018629,-8732594133,56455288780,-40815635150,8.81595E+29
0,518,72659994527,60252318679,-32987607606,40222337510,31124379262,-42815603832,3.29402E+29
0,519,19585628820,89924611810,-56546263158,-36729116905,-62308950852,60709330219,1.32612E+30
0,520,33151770200,8957480562,40498180779,31860199898,1780696838,-73262079703,1.16949E+30
0,521,-1403541856,82219970791,-61875823686,88089147973,-80380885096,28294078035,3.18899E+29
0,522,32513900466,-38180889568,-71543793562,70623561337,24130764002,74339615318,1.73286E+30
0,523,76477248451,47782213170,22888127591,54369939333,-43920408239,-8594636535,7.31294E+29
0,524,-5425815595,53723942066,-17293501996,25489968295,76980322460,49315344359,1.13975E+29
0,525,64735845548,31074150530,18434100586,16731501796,70057090372,83288323522,8.17432E+29
0,526,68725903233,-69184576610,83757955855,61592896692,-65000909572,26733235428,3.6326E+29
0,527,1014785715,62916821331,-25166902687,-22095804907,76615912449,11532482581,1.90365E+30
0,528,56433086245,28795250160,-1043833406,-36003775282,75311710112,60273058042,9.05922E+29
0,529,76215017444,29122867894,-66237350749,12839262893,5105308881,55357061772,8.9026E+27
0,530,-18382403199,-46876434554,72475761837,34137897362,-10488042544,-35035074181,6.68278E+29
0,531,-16091152779,81824931436,49782094095,-83721623381,-88712975381,47509308938,1.8055E+30
0,532,-8670006285,-67624717349,-41781290117,47361501254,-53297535796,89819299014,5.60892E+29
0,533,81996222093,-8812695638,59948464834,-40084178070,-89325579343,-22970290508,1.43567E+30
0,534,41926414870,2020757812,-34488948668,-74756337060,29367741292,88082632834,1.20756E+29
0,535,35151088221,-55516900431,39304609478,10918120727,-43653379371,79723215025,1.92295E+30
0,536,22937302421,63832509111,-29929291617,-27788461270,54135569792,1824169498,7.56671E+29
0,537,-45595149347,-32496845805,-22642113357,-7755398445,13143615065,-64150175819,4.31616E+29
0,538,18596446008,-13067296514,9536097804,-66502899451,-42928424703,44370853622,5.18842E+29
0,539,24116740350,-66137021311,-60193909345,-61325000356,17979277656,33861097823,7.4813E+28
0,540,57963890447,58333426682,-60924899990,44251021937,11072463892,-27470862094,6.89771E+29
0,541,-54332231051,-5396524289,-80148466796,-32877502569,27735311296,-70799534528,9.64999E+29
0,542,-34225590315,64015107512,23100187124,-51717322583,-41149445774,46521259695,5.21587E+28
0,543,37755871254,-28159766877,-83943461473,51805941999,83715101655,-22820367295,1.81724E+30
0,544,44312932137,63657715005,53448242880,62236775829,-73700635278,32264069649,1.43256E+30
0,545,-86378416356,4094127709,87603763389,44974047090,9024287843,-32645151919,7.07275E+29
0,546,-36814929013,82791196608,21781988159,7080280066,-60252308044,-16637223209,1.26776E+30
0,547,-78459325621,-59992517593,53989144449,2605558432,-86226112404,-73044463415,6.85203E+28
0,548,29928374673,32260945205,48358813798,-44236757264,58486289221,-48500695431,4.33577E+29
0,549,-55685145784,53779231675,62739257377,57028349845,-23870570999,85752594002,1.72172E+29
0,550,-44201560156,-54407444012,44306427719,3227914392,-12587304395,48472816769,1.57155E+30
0,551,-8706779884,-83110237622,-13960148921,49570574433,-4400080273,-18030235842,1.27265E+29
0,552,-6747747337,16357582310,-41557145772,4154563181,-60201003175,32892322061,1.52418E+30
0,553,-60127259644,43269868192,-67292091772,-44271050422,-18594126674,45802802000,7.86709E+29
0,554,-75185344366,28445306913,-69529751890,23718873615,-62154304326,-86489232354,1.34031E+30
0,555,-33149896660,-69575951557,-4556754419,-17848483195,-46694456820,5867791522,1.24363E+30
0,556,17015984367,-32120777684,42732652584,-1847932327,-70670204642,70695547380,4.53047E+29
0,557,70012241277,-61740099119,-8348594666,-27089609241,57099806414,-33809194471,2.11018E+29
0,558,62480481001,-66686864865,-34978950422,-46814824916,-72536487748,71009573015,9.6373E+28
0,559,-19272635917,-13697027081,18419639336,45697416988,11573666858,23601443271,1.32699E+30
0,560,-17735678140,38619916778,88185331825,-10144430956,62914068321,17973979995,5.65596E+29
0,561,-15009484039,54078734312,14721815701,-64986864751,69447751585,-6283636458,1.11636E+30
0,562,58114784999,-67746856091,-50689380240,36175964184,61346162831,37630529016,1.5116E+30
0,563,-43468727083,-51104108923,-34917026864,-42874825574,-39223579353,-81104044545,2.34869E+29
0,564,69061631243,48712496609,-84639654022,49521390523,-23925023337,-19461829835,1.77863E+30
0,565,-3461549865,-80068513001,24394457500,-16777890386,54096676676,14116770817,1.96088E+30
0,566,-8041403840,24060173415,-5406122496,-14828248657,47384768937,4531180805,1.25897E+30
0,567,-7182604472,1948866294,31168339591,-84854003956,16649198953,21799317342,1.38664E+30
0,568,-35744144294,83786881250,21533382540,-9660501435,71389738875,-85669664099,4.71321E+29
0,569,-88523844784,-39587122319,31274549664,-597786453.7,-59509226873,-40870872497,1.07005E+30
0,570,77078615397,33369586479,87270780241,56482244600,20290125993,66515558236,1.91995E+30
0,571,-31567453849,-38871587970,-86677156738,-73442952576,-46183674165,-29140838962,1.18199E+30
0,572,14976244964,-47256689960,22647400894,-85793214310,40496597506,40208230155,3.21684E+29
0,573,10226535096,10431985990,-65270982157,-13932501186,-3984619793,6221887062,5.341E+29
0,574,47541338579,40958241498,-62830830909,70257688339,8034661048,76030638843,2.82321E+29
0,575,-54918812334,89712051540,-9277294152,-47842692171,37796676350,4335776162,8.77871E+29
0,576,29216871981,49030565257,-84010139775,-67217053300,14262332973,66653533940,4.63549E+29
0,577,-40662330883,-36389391294,10881859154,-49640971774,-66792112649,51976426656,7.70754E+28
0,578,23438251170,22127727964,-54857669087,64300554598,-3711408043,-28157606938,4.28023E+29
0,579,41939866920,2342109842,-64825660978,-77727637328,64824545516,-60901911798,1.88988E+29
0,580,-8091418203,28651187350,-19651565158,88759989232,-37693940704,-13111454997,1.62212E+30
0,581,-26605739653,-37480970414,77093648222,78119629126,5240184084,-10974628777,1.13227E+30
0,582,-49919187649,-12426414937,-64194060455,-15803440726,23774573021,65369306914,1.01215E+30
0,583,-84399634071,29747392267,20626379323,-17326337592,42903173610,14462745199,1.92577E+30
0,584,-43692109170,27822763748,-40364126488,-17704027516,-44874312264,32216930374,1.10699E+30
0,585,-82657102759,-8211507186,-36997388757,74642104733,-33853408329,49754939407,1.87655E+30
0,586,49797213531,-31961264251,75164648189,4490883651,-86796768924,-9829152022,1.07395E+30
0,587,16454204471,-80299319760,1164475192,26853526855,-9034758497,-48775277988,4.70008E+29
0,588,66332097408,32306455704,-60412208274,-3041977472,-1500625123,-41888601952,1.69968E+30
0,589,-74724515987,12190670839,38536874042,33530707073,-67084160976,-82345387218,9.30915E+29
0,590,-19748746402,60318865393,51179558157,-72782350322,28565406252,-48017187129,1.59756E+30
0,591,49838218145,46218298415,-45920107458,-49831992655,35846833255,43491144486,1.8123E+30
0,592,45645671335,-41129196182,65125668349,78289270253,-89365044228,-66346888521,1.56842E+30
0,593,86109669009,75200077735,-50985580678,34353997725,-3414875478,49247994042,8.27382E+29
0,594,83066833937,-42167998710,-1996536180,15047650288,-69954925995,17961074941,1.85456E+30
0,595,-73157088567,70121222399,41497754503,25285464284,-31011716564,82668268823,1.23655E+30
0,596,-86146264168,-82808922702,-21659597319,66258876113,-62283888582,58384794146,3.76088E+29
0,597,30374612900,43356235549,-13470616487,43380442070,68868857883,-24035361691,1.72305E+29
0,598,-69220012111,-36015823401,-88338452381,26651336905,52680349194,-5560248039,3.12497E+29
0,599,25642421316,-80434452897,-9679926466,-73320499348,-53642622104,89064957655,5.3595E+29
0,600,79084278827,-52308681963,63790177096,80373806076,53044937754,43471363962,7.18137E+29
0,601,-34544946168,71918096857,5280343298,-60323570141,-80375762349,-73886597805,1.70381E+30
0,602,-81246484914,-89042566922,76381088716,-88418796578,-15861920485,22529358368,1.58302E+30
0,603,-40463208344,59013375534,5883436874,84580691288,-83952561728,57064077585,1.88073E+30
0,604,-70458499202,17418322801,48919704960,23125583368,58906230641,-73730848749,1.93512E+30
0,605,-30833942152,-58145897615,26328210121,71209640249,-61399735786,2293538248,1.46103E+29
0,606,41677681811,-79683892214,76574400022,-68940366535,20580989799,-89724955621,1.51003E+30
0,607,-17395531176,9353466700,-60249382243,65852299058,-61665131752,-55323251071,1.32269E+29
0,608,-35711587550,61993834124,-17103972610,-56285203654,28579633836,78986570556,1.19057E+30
0,609,3425470810,-86862994912,-65521479962,82339025129,82436437377,9130727238,9.06072E+29
0,610,-18356330813,4971780563,89655071692,59515360471,37594499346,78864506591,6.29412E+28
0,611,-82055177623,30494302067,-73550060733,-59319001641,82687674250,-62467535177,1.50919E+30
0,612,-34432254060,-12976770549,87019534474,49640576100,-71398375531,-16923651555,4.87947E+29
0,613,71060521076,-9386732900,-53435230903,85185846022,-15228203857,-89849212583,2.37492E+29
0,614,36514710752,44566806937,-40581652555,-70456270567,-74496352978,-71480187747,2.01867E+29
0,615,6947626248,80740428885,-12254202738,-20225643319,5298616710,-9028493210,5.9886E+28
0,616,81395818567,67046048714,34107008526,-71238069695,68429993396,-88668672872,2.10952E+28
0,617,89429630486,-37607180354,-73633395457,-7131384954,33594598608,20904845703,1.51595E+30
0,618,-26566754237,28230907222,-1357740469,50172915699,25148883633,-52773297356,3.2124E+29
0,619,-9141628696,64626364587,56168267576,56932619945,-50826385956,41894302209,3.82491E+29
0,620,37964952142,44195681051,-67143172221,-31167785247,76089311147,-30637103761,1.91088E+30
0,621,54560006527,22755584483,-23271329762,52447976489,-4392614817,-21864729251,7.22515E+29
0,622,-17209448529,29934869805,-17133089658,34900407353,-58697268292,52349699624,2.55096E+29
0,623,-11884613205,-27379558755,12049116324,-53586819956,-73361932443,-15614317009,1.45684E+30
0,624,-63434297929,-27807330293,-13805234213,-4722344205,-45823266740,17223198997,1.97645E+30
0,625,38896078014,47996992115,-45847094312,49665892790,12401762192,41822689996,1.12681E+30
0,626,52848724326,-17690221220,-25014922091,-78079070459,-13602431599,-48549289880,1.41879E+29
0,627,-17483207215,-57775601889,-59793611956,-16568232923,61330845235,-20129757558,3.14514E+29
0,628,9290988942,14127969225,19962045094,-48864680443,-69216935555,-39610773698,7.22609E+29
0,629,-75476579173,54435568951,-14780831524,66176754987,67631754432,-71620039464,4.90282E+29
0,630,84443087206,44819969023,22328130806,-5700806971,77098132927,34273420179,1.69848E+30
0,631,88232186121,70482786529,-66311182667,-80554637341,-16662421101,83668336463,1.57179E+30
0,632,71710018860,-35300306388,-19954350633,-84414547205,44435055013,47158981166,1.95689E+29
0,633,-18122677699,-87018668858,77646092986,-87043645276,8144050223,-80939978868,1.8779E+30
0,634,58806418496,-18427830759,54356936539,72547728333,10490605318,-77124704365,6.42716E+29
0,635,-31993733558,-37220584527,2636349765,-8462601274,27072126849,-4689526784,1.58666E+30
0,636,-20999378499,-10851242368,52164154181,-20592338935,31090436967,-83283094676,7.68278E+29
0,637,61464662559,-55785378069,-8363931378,-59062131229,35168112689,77820020463,1.37175E+30
0,638,-20455355965,12813064150,-80131647189,-3847824012,-74726620267,-88716475307,1.1304E+30
0,639,-49391677935,-47963449268,26332114552,-82723196443,-3153059733,-60168790780,1.74876E+29
0,640,-15295544402,-27903996282,29010572826,66959958306,-25481829522,48707825201,1.25912E+30
0,641,53022348636,-88149256326,49355327354,-18337611108,84188548771,67435161327,6.22517E+29
0,642,72156987006,62311862809,-2196420573,14043472128,26322930961,39820764979,1.37617E+29
0,643,-17336217453,-53954335216,-84083914127,42848086941,-20219795871,-78498150512,4.31492E+29
0,644,-81679760036,-10184714274,-45682898596,34924173362,-927976065.3,-8884357241,1.07748E+30
0,645,-77194968749,-9233477311,51982070384,-3155301298,4016704425,-28418656938,1.25477E+30
0,646,-38768290697,70344090428,-24704582401,86848270464,-1628477895,-87608849855,1.7207E+30
0,647,38460955765,-81353082290,-25999990069,13050463829,59769538166,74645161,2.52833E+29
0,648,-20623914036,39184154156,-7355217754,28080798746,45916499473,-71424877054,3.02169E+29
0,649,85339406849,-71559259651,84712723190,56243373452,-53151970364,-6093517136,1.65985E+30
0,650,76562055829,18887299383,-9482629235,-54043859097,56271664699,57536424859,2.60492E+28
0,651,-841901359.1,72837870081,-54432277568,-83060104083,79719252826,-77400683359,1.64058E+30
0,652,11422603559,15635697542,47314576274,-48229123437,20189806435,77952019205,7.63395E+29
0,653,41001876607,-74288851351,-39551698303,-61912495653,-8263827946,32786254301,6.65023E+29
0,654,-75084874685,1908987093,86198175231,-43976078238,75435613821,35966716983,1.79856E+30
0,655,80023041760,-89369926140,12064604792,-7561446508,72039988713,41236204328,1.79315E+30
0,656,-30435553516,50892216309,56884376246,69472029613,-72610581918,-17890978146,2.91579E+29
0,657,55170970392,-65823461330,22589990730,55550659410,-76065584432,-77489399491,9.60033E+29
0,658,-55950251017,-30728546240,-27658763233,-11505137443,-23473532096,-51460058912,1.95231E+30
0,659,50919607883,65585586181,-12525668012,47162109954,49646733588,39228435867,1.35108E+30
0,660,-30301484089,-60906620971,-37059984067,-87939691914,-67558481601,16231760908,1.33025E+30
0,661,-11524668598,-76626814597,-23544961457,-23624062141,-38050441188,-71926617458,1.99269E+30
0,662,-10182273437,-2202046381,33739144243,74041998006,-76659378338,-691629980.4,1.51864E+30
0,663,81212062203,69453698466,-28549271970,51016025537,-78736806047,73308876842,1.96186E+30
0,664,6553027845,77138567369,-1293539381,52849031892,-45533574413,-36078557972,8.09515E+28
0,665,-89197261709,71030646520,87281135122,-59255665849,-17077199793,-38461905256,1.31218E+30
0,666,-64203918146,57438929766,-60700725897,61552396782,32059753003,-21729609642,1.97662E+30
0,667,45590928866,-85808545406,60216938012,-41212308473,65797553013,-78694023348,1.56594E+30
0,668,-49077694274,1645161253,-901348169.7,79390354093,-25822151870,-77532549070,1.2563E+30
0,669,-35744960772,-85737179345,50619376712,-65158225935,-34903135555,-6871514060,1.04431E+30
0,670,-52113806438,84246790720,35997253955,-9649137249,63663669172,-52139879939,1.59763E+30
0,671,52030462433,54889774600,10963798697,-11987774784,30886612811,-21424281786,1.47972E+30
0,672,-35832033634,-39118509192,58319862237,19294771658,-80845371599,-21704539647,3.62932E+29
0,673,-17871479643,-11524169248,28123113507,4318636084,-56352023189,-60256320445,3.25141E+29
0,674,-26320949185,85012036652,450827026.3,20818723704,-20716310158,85976910750,2.19309E+26
0,675,-62829849314,-2259648124,-60126310230,68815343354,50412444711,-3874635107,4.62224E+29
0,676,107987746.6,15365293113,20978557136,72968391915,84899395861,-5456431811,2.19487E+29
0,677,22268678914,14075178240,-71678185191,32948701950,-36944016634,47523145647,1.09977E+30
0,678,-41875925867,-59066762727,15657478578,86395420759,-59360486857,16501488451,6.13496E+29
0,679,37869648260,30166721680,27665785161,-21762392355,64877661687,56907843780,1.50145E+30
0,680,840871175.2,55525475264,-13066819980,-48812737038,6649362217,33050954618,1.13518E+30
0,681,-26207078131,88730293038,-62073704299,27282856567,-54544708961,23387654121,1.71053E+30
0,682,-56847706145,89587811537,-80635086226,67157533932,-5559176647,-74235172758,1.18669E+30
0,683,70518549711,-62393802851,-10296917773,51720099916,36982379761,-35246087351,1.04239E+30
0,684,13852949976,-81092968512,58687460936,-70177430875,-81669784410,72750706024,8.33039E+29
0,685,6194273253,65005477086,34543568942,77956090469,40053957565,53158198043,1.5387E+29
0,686,89392843115,-34259892283,33844288279,-18247952071,70748060460,-59669437995,1.85941E+30
0,687,-68110572545,-26832357777,221145189,-71017637624,-77421855696,12772624092,1.80267E+30
0,688,42932616023,22856064164,83147141883,17800141798,-59155096991,5540368983,7.9733E+29
0,689,-10766319809,-408024842,-23613384996,-7455337544,-86272272386,-69094481390,7.7786E+29
0,690,-87014778305,52167802170,74511904921,50417562200,50775251339,67721118467,6.21699E+29
0,691,-63095292181,62503355177,62133058725,-19550783628,4380940036,-75211300149,1.18312E+30
0,692,-65033916371,61453724311,-43087649240,-72477892725,-27935125260,9160870863,2.58067E+29
0,693,60798034239,-68823303245,28646520710,-46516435522,-52709646148,-84391217501,5.22358E+29
0,694,-40272202911,-8292801279,66895773292,-22840725871,39480865051,-42637638891,1.24482E+30
0,695,29644757161,-43278413991,-34865429734,53683845966,2407535937,84498947900,1.5793E+30
0,696,-1384983467,27675151987,-23981904915,-40501804740,5442076042,14446505756,1.49609E+30
0,697,58045546729,79158854813,49651277534,47542668735,55711085015,7002664500,1.57133E+30
0,698,-77583520625,21112516139,57869322188,-66149421305,-87468851803,44041110381,9.53296E+29
0,699,-75743120626,51029496964,55477923348,56960346053,-38943505375,-77482063925,6.36453E+29
0,700,-70822791458,-6668718573,-22851417417,-75171440761,-36914138766,-38484320861,5.60493E+29
0,701,14679720380,74976698194,62767692712,20723299681,33694704408,-87332131509,4.91993E+29
0,702,-54784222826,26093762991,47875300515,83116088339,-84166543161,-29435690910,2.3556E+29
0,703,-87868324325,-53965280593,-9197488981,-60840313345,-81912985056,-38653542370,6.64088E+29
0,704,-63392782214,70308602279,-42160496334,-89550242284,-87550325377,-23945860874,1.83576E+30
0,705,84087557305,-78267919644,2209923319,-25824833583,-39440885505,82970970034,1.57808E+30
0,706,-68732417202,5042403085,-3961410692,-49692002331,-41174396482,-49921738261,1.25503E+30
0,707,70795460287,-17753208792,-7195116741,11598813352,25456076608,82534770607,1.03783E+30
0,708,-19275336469,-13046100678,-21954527108,2699783449,-16551786130,-47200570536,1.17939E+30
0,709,-65652681356,6101630975,-77499971542,-87153088704,80239837646,39385142629,1.9436E+29
0,710,76481501707,46473455977,59617621705,47719746930,-79929650109,-78349199143,3.25479E+29
0,711,-51575680790,46308264181,19300257434,88203447442,-63943864879,-1074417608,1.46488E+30
0,712,49063711708,83158033707,-5311643162,-35222199339,-5123468717,48667442989,5.71202E+29
0,713,16755593749,-60801136776,22283100844,89071865993,43520527203,15024201805,4.37521E+29
0,714,33563677361,-67892744061,3169679901,-73612145594,35442549315,-64761093060,1.85398E+30
0,715,-44282498353,69848295296,55372168071,15610853839,-66147187510,87850326598,1.47583E+30
0,716,8617958710,16774906448,64415238137,-86931364968,-64571715296,62668805174,1.37398E+30
0,717,54542958184,-19897492748,-86468474868,8153752788,-19767016608,23898139510,3.83143E+29
0,718,-14170579949,73783648560,71106264567,62414971913,65309671529,54058625399,3.15058E+28
0,719,34074865897,18590060013,30826487729,64339683511,87754006309,-71484674271,4.29441E+29
0,720,82910840006,42468701564,47783320450,-23928351806,65411192013,-66154986241,1.40063E+30
0,721,-87157875965,77191977783,-73120079897,-37744479912,-60810303923,77449086636,1.58147E+30
0,722,208216264.8,18045864224,59990476517,-4295840231,57594767607,63643889523,3.66016E+29
0,723,-54394939092,80456420522,-31939513839,-43910260264,-28251194433,68552891332,6.78198E+29
0,724,30372341804,-28085379313,60452099259,-72181840042,-9566518834,-38088809028,1.01643E+30
0,725,-45258095354,28231839425,22914400867,12507591909,-46993422723,13352482206,1.29452E+30
0,726,73087959213,-12749081048,-86020921097,69326386468,-81525798070,-32474788040,1.90453E+30
0,727,-53551717873,-13093340701,-49272805006,10535335267,55436821812,20825583535,3.41421E+29
0,728,-51071350199,-68514715199,-16298431086,45181119322,-32114064333,88124390448,1.47528E+30
0,729,-38595063421,30322735073,-2303234001,27240324454,13742965683,-27631065379,2.34711E+29
0,730,-38741490378,-49542144961,-41762236990,-72549588459,11700723962,9478848607,6.80318E+29
0,731,-79770676255,21600368351,59219854847,87651642463,-29974697250,-37939863703,1.36893E+30
0,732,-54987836581,60137052161,67708511829,-34624803034,969865772.9,-33896607714,5.97698E+29
0,733,-43253448438,-14612811788,48636322197,-73391528985,3430550453,-5791893076,1.27036E+30
0,734,-36796942926,31114698688,60958877735,-41153932125,-68844216598,-88308503941,1.5482E+30
0,735,-16836207367,-15277184820,24020794161,-61335727174,-84796323528,-10249043963,1.25219E+30
0,736,22874985889,-23832489979,-83498922591,36215083991,-46677818321,23907969580,7.43175E+29
0,737,49066819090,-34215670205,-35971013257,40613981083,-28917561770,-57083315804,1.70577E+30
0,738,-56651078154,21709566860,74786679148,-78570828774,-70776766542,76955159961,1.13547E+30
0,739,-73577644740,-50080596956,62353504008,138076625.4,72012090346,33011201191,8.51055E+29
0,740,-7860073178,46847416698,-86624691354,37344282024,-20035507989,69642680745,1.81356E+30
0,741,23297224118,87948516783,16165492685,78646634394,4668049642,16228333616,1.32398E+30
0,742,-86372195697,-51929171713,33005947678,-68851863776,75939898261,71151357744,1.13784E+30
0,743,54814864932,-6224772902,87346365358,51521894334,65902485816,-33337129142,3.53235E+29
0,744,57948704197,-362530535.3,69795374787,-74333834332,-42646032137,83182162239,1.74419E+30
0,745,-71832001100,89622428351,-26132648082,-85849775300,-87190903358,-38385753904,3.97528E+29
0,746,-17191289978,7895807264,4775555592,5719596825,-89383293965,39803316800,6.29272E+29
0,747,53688339911,35138783713,52060872600,86641875055,2647941632,65845575898,3.69779E+29
0,748,-71132120987,-22217794026,19412719348,62603689003,26739355583,-53677950401,5.98021E+29
0,749,-57378273446,-41693779550,65641476865,7885446265,26596444701,-85551279892,3.28001E+29
0,750,74555130306,-60642993166,-53010581897,-19697814707,28737367788,-60630562369,4.31657E+29
0,751,-51860312829,13327438357,-6743165139,4186651616,-22412099509,786896567.3,1.59377E+30
0,752,-7111140479,26530474541,11827506147,-45416410556,-39173416970,-27258337341,1.97365E+30
0,753,15193240187,-45030149650,59351215002,27498799639,76947144990,30755026437,4.67324E+29
0,754,60021260625,-83720583833,48022986329,78154777211,-37570029040,80220672854,1.90442E+30
0,755,-69773781546,80365329723,31661476796,21153489657,-84096020067,8115605182,3.10771E+29
0,756,51409011250,39063826590,-31920963552,21285516067,-76066169787,67621491163,9.71283E+29
0,757,-51154512634,-42123297912,-61616320160,-10279888899,37315486916,-31577533686,4.18749E+27
0,758,-69959627262,36401932649,-39325756767,24657486013,-37330038193,-76110750400,7.66517E+29
0,759,-79186082059,-77107243295,66779010811,-83474638730,-61796867650,-13787816912,3.48316E+29
0,760,45006769562,-6578618922,41590169295,-41284015088,60367053599,-5409234498,1.43148E+30
0,761,11895499527,76542250295,47750267523,-25500326368,25341457991,-3413508958,1.56636E+30
0,762,45571710570,-71369512973,-31966022450,-22219250753,-4388557846,52195382434,1.75234E+30
0,763,83035550419,84249419728,-45078409922,-39875463169,1641885946,27579524641,7.88177E+29
0,764,33124391476,-46708441867,84403915156,26061676960,-65327534136,-5112746109,5.69533E+29
0,765,73184157142,-64597630509,36389301694,37759094449,-49835504680,23039347662,1.39477E+30
0,766,-66939386367,-86039949109,-23179219973,-87830186823,-15943127306,-9746543977,3.03077E+28
0,767,-65962346414,26472040104,-20837640604,53639221658,-57842506128,-18920200271,9.38847E+29
0,768,42447790890,66498218460,-10961141459,-3453968498,723446922.6,-29806485939,4.7436E+29
0,769,-33462038601,691658536.3,-65853310433,-38831595548,74649989056,24089657942,1.58794E+30
0,770,73729730085,-27112900814,-72107847886,-82530904429,18063593247,-871530561.6,3.772E+29
0,771,70777535909,55560308418,29305547525,-32754535985,38078782210,-28878119149,1.6771E+30
0,772,55823639168,-24659199113,61153101877,-66842316127,54275014536,26570900530,1.22363E+30
0,773,-14159434517,-17667076514,-46507314265,83475148438,-46329529548,40214993941,9.95087E+29
0,774,12557655173,-40346223666,33193762913,14342757424,66048882262,-82941833242,1.10324E+30
0,775,14088438484,-28646723639,48738346135,-83952671804,-10528407241,29496946125,1.31627E+30
0,776,-25020257604,52654979682,-82555082972,-59861170739,-54330144561,82244604471,1.58781E+30
0,777,-22323638203,-14685247968,56989644167,-61600491062,70853029925,44152386889,8.54363E+29
0,778,3814403778,-59440520454,-87665270785,33854984067,59493526906,40675831844,6.62519E+29
0,779,43062997070,35721669860,-66826373305,45734190429,-58969315441,58548202659,6.45239E+29
0,780,-63884533594,16542450434,36831486204,-39483939034,55805595021,6700032441,4.53932E+29
0,781,53527893201,-67915145405,-38142076049,38972777126,26848963242,55747408193,1.2271E+30
0,782,-64488459013,-40154947804,50277584477,-72544550417,40457106924,19563139844,7.60186E+29
0,783,-40987767003,79519810878,23812272208,46404670406,-10837985768,81723853778,1.7059E+30
0,784,7604770288,35175537288,60935321643,58725859974,-10726073518,-17367055169,1.19553E+30
0,785,7903492661,-11087252487,-77306048872,57434754386,12201196840,-50066659263,6.72089E+29
0,786,-85011925462,-7700549252,-69692681249,15772489278,-48393383294,-51267871615,5.82306E+29
0,787,4839283860,69854209959,-55651710803,-32567365256,66106384300,9300869075,2.38342E+29
0,788,-86394860097,-49085762968,42271396023,45531330208,13757793394,-54247368392,2.48495E+29
0,789,62540954166,-35024062064,2476562277,-66580971572,-72720368039,80637596845,4.33625E+29
0,790,72091403449,86758130683,-6505235020,44748499061,-26676808836,-15720207949,5.26275E+29
0,791,71624179327,-5285938680,-12490557444,4551377673,25537383256,-66819739057,5.21569E+29
0,792,46291615656,-89819566442,75266145975,-10053563623,-85676188752,-59730298209,1.23222E+29
0,793,59977708098,-26900227171,-29545185941,-38856817054,50523984013,24213510325,1.68484E+30
0,794,25025994122,79057021031,-82704729864,-2640845306,31690007404,37478355314,4.99115E+29
0,795,-70452102230,-88127760505,2470742042,-66992074882,65023671078,-34857078602,1.5742E+30
0,796,-27264267153,62115989047,76352911194,39778380451,-44827312933,-49893223201,1.99172E+30
0,797,22297409469,45631693778,-46657662544,-1315499917,84378300165,-8828814412,7.27936E+28
0,798,76930662217,-83224538400,-68275559337,8240082762,34777849468,-18041163095,1.47791E+30
0,799,-35008921385,33203649917,-30502448578,47690163639,-8922329932,47818349639,1.35314E+30
0,800,70125101482,45008527376,64876521342,18668465442,29711417862,-72547291970,1.83392E+30
0,801,-67242636008,-12143402969,-6549468614,49159798381,-34179166913,44532128093,1.95443E+30
0,802,88608708109,11246006472,-78271464089,-12998434914,-77367127215,-2584978958,1.5911E+30
0,803,-50275246135,-85818945744,-27430350189,82555286116,2219697130,-43143169289,6.99814E+29
0,804,15070070901,-85199375188,56403191861,3156119829,32486550262,61237729670,9.10744E+29
0,805,-50729115285,-75339376451,-46025224002,84741431663,-84712531309,37057882820,1.29259E+30
0,806,64573307553,74828530451,58917806048,-26155972219,-81265393384,-8600529616,1.4814E+30
0,807,-88432587174,51296793531,-65492812214,57488828694,-25431345991,36409015458,1.33207E+30
0,808,-30830281704,-75294680112,-45730000238,-11689532239,3568835344,-31560846985,5.21836E+28
0,809,-20636978625,-6173388847,37604951125,-20070224537,54056512407,57903933159,1.19886E+30
0,810,-4316009116,13340590398,-55243088052,8293907923,-32569639576,88302819090,1.50309E+29
0,811,78714945878,-82477931270,-77736143844,-19100638263,-77072538704,-71995008815,1.66524E+29
0,812,3810194262,-80967244265,13821608930,84868288105,-42594796708,-69165824595,1.90671E+30
0,813,76237760804,41395131058,-30036462587,-9634282237,25807050388,-58074279869,1.56502E+30
0,814,82138211860,-15194431417,70607333462,48461769369,72965600300,-28498015057,1.86147E+30
0,815,72156799273,47653837953,62572277957,-79095346147,-41836659328,65288341510,1.67968E+30
0,816,12344212536,-22210167245,-63229822182,34586664248,33954814748,78898367458,1.89427E+30
0,817,14989316992,-39049106683,-75918328733,-22294957770,13082732008,-78085447277,1.17558E+29
0,818,-84554726902,-53675381874,-72307553035,-65818697550,41218008548,-29067369284,9.94325E+29
0,819,42173890462,21512473436,-9978956452,-33109069798,48890193362,33798884629,8.77639E+29
0,820,-32648712914,1446835112,50477572185,63663327713,80101837235,-76994454673,1.13811E+30
0,821,-83240427175,-70505017024,-13794577915,-310193089.8,43787319519,15466847164,5.5973E+29
0,822,27248354521,10897956676,32106679520,-37279925624,25106367020,-36014387286,9.91617E+29
0,823,5870790454,-76558181870,20912406667,36527629937,-57957703029,76111137796,1.74291E+30
0,824,54604047421,-62528057076,-81302537544,-3402950613,-76111848507,-30083364085,1.12145E+30
0,825,46788383729,-72260702931,66681795173,-62459844274,16607845804,-26009014671,2.33231E+29
0,826,-3526656251,-74584397081,66416056145,20459863388,48883579086,42646721437,1.73358E+30
0,827,23026708633,-38573609493,6894172383,995838088.9,42885572851,78123741692,1.76339E+30
0,828,-26333142729,-78183359730,-23572045111,-75244886308,63035213365,59752277126,2.23365E+29
0,829,59822896016,-47789791051,-77494188043,60153250268,77405848539,1531865326,9.36614E+29
0,830,44271792151,-60192762569,60198127277,8026370071,-64863555597,-25806412833,7.9885E+29
0,831,7256846695,8378894580,-67621170078,-56760664750,40344729980,22158464289,3.22105E+29
0,832,-42271444098,-80507983134,62013871211,-14815693487,-47475103288,-4774126573,6.33652E+29
0,833,63246637162,-69525628922,317105693.2,6334287931,-68863461288,15643954878,1.80195E+29
0,834,38588318935,65485221188,57045047087,-50194710109,-18696847558,-73466915161,1.36375E+29
0,835,-71442237911,-18235655457,-20842456142,-29526950860,-31768379495,56765608943,1.33785E+30
0,836,52322132665,58708026501,34500968769,15846512323,-36314940451,-69129125576,4.2992E+29
0,837,-5441444450,-899724715.4,30216575701,42397866009,-24249590551,71469478997,2.37237E+29
0,838,36921282158,18734608388,-34895527553,-8386422062,29882655903,62407193222,6.74629E+29
0,839,-78232644614,45715565134,30386098138,-47015630550,-42957839830,51745952062,5.95682E+29
0,840,-35990241226,2754749553,73482692923,-46520562609,-80723786508,5328059088,1.82075E+30
0,841,-54523109962,-63354979048,81730562640,62966251882,55801338133,-36520877740,8.68791E+29
0,842,-43041347271,11598239299,62158545940,2501926624,-31751629577,-30785294627,1.33392E+30
0,843,53302160850,22157917418,64264457806,56438690307,34446173780,39887667377,1.69242E+30
0,844,85912482169,-87113185831,22293365431,89677570009,-54498365963,34465681693,7.16904E+29
0,845,69962069927,-18993533907,53582135475,-32345656237,-25870418429,-42991568697,5.54672E+29
0,846,40259419892,9074747676,44542193006,28246366123,92033053.25,43090761577,1.78446E+30
0,847,-44258375113,-45800469588,-4748842190,-85548785524,-4573346982,-25720141803,1.44625E+30
0,848,-12860368705,83929060510,-26610046283,-60441996817,-17336179426,17187295941,8.8846E+29
0,849,67847598861,-38093199577,-11363989885,65569434308,-29992129675,-16226083204,4.55574E+29
0,850,-75985896904,37091726461,-68122367455,-84955889615,-88988315092,-52844278321,1.07466E+29
0,851,-63588841428,16156528761,-22451787989,-7887064625,45231791293,11802734341,1.98079E+30
0,852,-82276237907,82153668341,-72872142999,5520255271,-78633765393,19239197334,1.99866E+30
0,853,79537190202,-14925725007,-15534247573,33167186650,51533087207,1978499076,1.16148E+30
0,854,156169104.6,40735858391,-53347214914,12260576610,-54378864699,34489405412,1.26821E+30
0,855,-57927344184,-29928948155,-88138218154,79459391350,39885377813,89507675506,4.92902E+29
0,856,69592757877,22185918687,81874486167,-3871181800,-59290199500,-6838638055,7.76272E+29
0,857,-39628847911,54865660846,-71551086171,38993445440,38815702430,-47583053809,5.48991E+29
0,858,19709558389,-43383601854,-80902879885,32781734380,-57203494588,26406250084,1.99986E+30
0,859,-2836676943,8443126315,-27911568368,46546661031,49957966698,-28911287361,9.49743E+29
0,860,-32588521970,6277839026,14517571682,47041586250,-61140418084,-35267152356,4.9627E+29
0,861,-34215604758,-23377243989,64127718641,-48795151191,52663625190,37167499288,1.77548E+30
0,862,73245660745,77007809887,-56390824419,58607860175,-711278748.5,86001461925,3.23358E+29
0,863,47730640586,-22864267075,-26403775025,88849795760,13633442873,-74489779276,6.3439E+29
0,864,-19198819019,-44754004583,-14086444197,-52823005118,-55342232926,27844657619,1.78438E+30
0,865,10273056440,58982085171,72780064552,-39500531021,-89023366989,-72993165637,1.58021E+30
0,866,-14313482008,66562031709,53165803040,47781844930,-50080874080,65707851148,1.49355E+30
0,867,-42706704951,-78974262714,-835456358.2,-46875325858,-35187464163,-80905999386,5.70841E+29
0,868,-8504408457,25701700492,-24315451664,-61042937436,1634931459,80690056555,1.5443E+30
0,869,84456254826,59657651536,70727511363,42201969957,-28037879485,-52388817806,6.43078E+29
0,870,85429133127,64900268371,2694025959,-73422758334,-55061357348,35747419443,6.63346E+29
0,871,14314995244,37961539726,62415990579,59675066509,-38923144873,-64017965707,4.07834E+29
0,872,-64581571950,-7090986808,75010846891,56483222981,-77177816126,-53505605019,5.26997E+29
0,873,65163937487,5892450053,78864085252,26736092036,89552380501,-57092670828,1.7688E+30
0,874,83879219816,-89711232217,61312045321,18078209400,31869263798,57881448509,1.99735E+30
0,875,-16189924864,-76048298917,1718276282,-32857550856,-65205835672,-50120358290,1.32738E+30
0,876,-29532099186,-37312140158,24678963740,9896245966,46192825558,11713524481,1.71989E+30
0,877,-46498501991,12825193659,-43778355875,87580531378,22048257976,86612811923,1.19733E+29
0,878,71970895190,10872640117,6646863171,-15134366102,10259784865,75757291208,3.4329E+29
0,879,7806843647,44246976600,20053536949,60486905949,-71522523153,-87653012780,9.67682E+29
0,880,-44030548473,-20763360102,-81366261142,-42058873620,76362698605,63711907923,1.32908E+30
0,881,5236139983,59444487310,64094633803,30042535010,-79966570833,10055621952,6.12952E+29
0,882,-34887849462,70586181478,-27888347445,-50519323138,43276162240,49419595758,8.8408E+29
0,883,-89023325350,71091517138,18247064165,1753234646,12717747144,-20354897390,2.11476E+29
0,884,-50691152655,-21419187776,40646138214,73902369786,-61645709842,58388555168,1.66147E+30
0,885,36619681113,-77396524121,-18670840691,-87203112841,-26001828950,-84210624555,9.27326E+29
0,886,87234171126,-13122222660,20076866930,21669037477,-80090006443,27198263522,4.45147E+29
0,887,78693818363,49407293452,30216872348,66517167577,41591855616,-28744006160,9.89592E+29
0,888,-50816511410,59560829774,43446716866,82594589947,-6219531250,36050975562,6.83785E+29
0,889,16906933951,54743764819,-55161846420,37126167156,-34118979145,-27679323388,3.33918E+29
0,890,58235940697,-3217959788,-39705187167,26116244782,5827031378,83204955566,1.32135E+30
0,891,45123026126,66539089312,79550264485,36582362193,-63595356440,-41315406131,9.85944E+29
0,892,23210588015,-34145042903,-84211918363,-72012123436,-61270578624,11044326477,4.44219E+29
0,893,-3651668336,528217745.8,-17763349016,-43838522345,1881168699,-44558692156,7.68101E+29
0,894,37103728234,-63358776881,83738207665,-11533599430,-509195357.2,53064470733,6.14573E+29
0,895,-41360959328,11425558703,36732822640,11549641994,-36044171491,-56986366556,1.30393E+30
0,896,-89693382769,-46510516479,33387784870,-37683039817,-84066778717,-12774984085,1.88773E+30
0,897,-34669932292,-18492023754,35698086620,-71838854002,46414093709,16208516918,1.20436E+30
0,898,-44651551084,38922590617,17189045432,20873665312,-16815194989,34276885446,1.13756E+30
0,899,80964030793,72175374338,-74250000721,-1694291144,10229588395,13920772559,7.65583E+29
0,900,85303285159,78620852365,-5433472332,8167698151,-28521805244,-22675014461,8.79451E+29
0,901,36604423756,56249852949,-32285391671,-56021897461,88977361951,-65457452582,1.47485E+30
0,902,-27857871185,-82902013024,-36535183292,-28832007380,65919905146,750857500,1.94166E+30
0,903,64866188309,59015507841,47550930244,-41720623478,24486713538,51480645306,1.56358E+30
0,904,74690957636,-79918699324,-39365201570,75053919524,-11633968736,29585026692,1.47132E+30
0,905,8197643024,-73973966521,-89598610406,79355056958,-83036920307,-39288702129,1.19031E+30
0,906,13647909967,66446228344,76095003013,61923521935,36952002812,-26431996229,1.46538E+30
0,907,83094570256,-88057833823,56008551984,57489107678,2196174776,15062707290,1.47265E+30
0,908,78181407041,10261624042,-5305748275,71392246093,35660408630,69742409241,1.60517E+30
0,909,-60397908017,43218786228,-29682944331,-42450314836,-41901912313,-65352182078,1.37706E+30
0,910,64526506650,14908636900,45561444155,-32699880152,-15251853965,11932896339,1.77753E+29
0,911,-51567533612,-80856943315,-20470182218,-86043565816,48075052339,60999101409,1.75069E+30
0,912,-19042676338,-33638318077,-39491445242,81552009155,42754619776,-69459822511,1.54133E+30
0,913,-41745878015,11018704203,-49520774310,-62969486608,76212392944,5097038739,8.36397E+29
0,914,19465051531,53772477672,6892021956,-63514402058,26727646832,-60467437964,4.04936E+29
0,915,-28666552992,13373011677,88364142612,-9014351735,32712782872,82435000108,1.22114E+30
0,916,-83973007285,71871350604,65461635262,-64198101610,3471561032,4382565475,3.34945E+29
0,917,-12931569945,78795683885,336320979.7,-57402652088,-86569023266,27014057410,6.26606E+28
0,918,76812761165,-57023406538,-64552099297,-87101876303,59968044082,42174132959,7.80444E+29
0,919,7561431715,-31046705965,83927877304,-56889076659,67837683674,50887179840,1.8272E+30
0,920,-44971738705,15351582610,8359515703,28494574692,-25741912389,-2407135543,6.52859E+29
0,921,-13055608877,17697784479,-27086237487,-83731571546,50653565043,76436928127,8.24053E+29
0,922,-34978946983,-39771882672,19170265194,-81984560654,-37695979206,22588597551,1.44875E+30
0,923,-66411971357,-88071947552,-7892959345,84187705803,-83759197115,-475098603.2,1.18461E+30
0,924,89126658910,-29832653588,-56054699913,56724898157,-25338330552,66937277198,1.13228E+30
0,925,80679261112,5583709008,-83815237275,56639702084,-33668437648,67232809208,1.2151E+30
0,926,-24426028081,-13111428598,1353353643,87779480681,6860581745,-62316647138,1.7791E+30
0,927,-87792523444,-59850088786,-22479797065,14156239880,-57295903064,83050363263,1.33363E+30
0,928,-70671671493,14781176502,21485056148,-22032907829,-73422041078,-19339826687,3.27906E+29
0,929,86617715200,39320609101,-7077146108,42160019557,11070793523,3667039759,1.32403E+29
0,930,-66541814395,56732348570,78186358902,27981999423,41050259900,-87704386551,9.10774E+29
0,931,-85088440940,88679703841,80117771634,-27569443695,-58012934355,38294359210,2.18796E+27
0,932,47579341819,48548178082,-45354317289,-59159443769,61433740314,87233323406,1.07769E+30
0,933,81636756697,45779540688,-30124569614,-25120802482,62483290977,-83329514932,1.70544E+30
0,934,-32040018474,-23800070369,-10142495073,-87131061899,-16572772645,-38356686436,9.52923E+29
0,935,11023883161,-11126147649,-70736381570,-38332674903,-10992097094,33256010921,1.24096E+30
0,936,-83551541823,-87339778371,-85875895886,48173698322,81520382875,35353595281,8.37774E+29
0,937,73709475358,-39463200249,-56945422753,-43285731080,-79019114828,89981349236,1.23147E+30
0,938,-87309956940,16662851328,42939406266,88408185673,88529531483,-17810206286,1.10164E+30
0,939,-23575068367,-3103960296,13589412605,-34155472315,4812338479,-9696226554,2.7749E+29
0,940,-34008447238,79969323458,83100446235,5929591424,-36881082320,-51569268622,1.95703E+29
0,941,-65689226029,5340070907,-48726571813,142460935.5,-47152162007,45013338833,1.61913E+30
0,942,84225015335,20486916573,45075640842,38247486634,954034228.6,87532847966,3.13891E+29
0,943,-23093660391,69128146922,-2568356255,-8869133588,-80244684027,1618087007,8.60275E+29
0,944,21571329576,10876956433,-1423947015,15326822200,74858376871,-84111169465,3.66409E+29
0,945,-19677412958,-78175864472,74763448688,-80532196923,1949393991,80352918618,1.23743E+30
0,946,43618233331,-6675344693,-59335794054,86346262109,-34603258085,-87801479779,4.92266E+29
0,947,-57225108313,-61931234338,-3444252694,86952465323,-17472260647,81694467372,2.25119E+29
0,948,15957056121,-74691675506,59020617201,-61366498179,-5074932457,-17937892893,1.00887E+30
0,949,-16134205169,-70238334664,-60210060063,27421423965,-4172467251,-6785892375,3.97195E+29
0,950,14270155913,-44912375881,-31715711315,65597116332,19254694070,21864295319,1.38664E+30
0,951,-27716253535,72795739247,37141363400,37964290995,-89757508235,-37160986036,1.11479E+30
0,952,82954588734,-87002516217,10490810822,11631775697,85291022434,-8702343506,1.71935E+29
0,953,6630418659,13310401611,33640203007,-45155968496,45704845505,-34019854218,4.5961E+29
0,954,53262401609,-68556367054,17038621499,56459910230,28623673612,73556128434,6.08082E+29
0,955,41800432389,-87067365189,2647253448,15309463072,-19249001971,-64923383932,1.94324E+28
0,956,-41882132126,-64108681786,9496268467,-32355120049,60055777676,5084929356,5.86086E+29
0,957,-37204675545,-61731181340,-42809260506,18562189962,83061882756,-38862939046,7.71389E+29
0,958,-48752399006,66453501650,-20215547480,-46286817463,17139431417,-16241952126,1.27755E+30
0,959,-59671796530,4297200015,43193950894,-62399578213,-86306357429,61755450992,1.97901E+30
0,960,-25231171565,87437418743,-58623136869,-60711787932,-71703573753,-16386391639,8.63536E+29
0,961,-28476857404,7278096615,44466996925,-75691553103,7972972001,-7545074702,2.68856E+29
0,962,88350426673,65106550527,66401893134,-7115121207,60098330629,-33857238729,1.89605E+30
0,963,-34920649944,-41976804704,-58503297775,-61518312015,11494364940,66369589307,9.0027E+29
0,964,-69396595995,-76147182826,27818685162,-5249551456,-60503471901,-59881325609,4.52348E+29
0,965,26285644996,68209129580,191076363.3,-72351523221,46279943609,29198499265,6.73238E+29
0,966,273580606.6,-47966586271,-10200722593,60756275927,-86343432419,-26223837063,2.52321E+28
0,967,53256103661,42935251212,-21849146466,68434714372,55591759741,-55265099386,3.89723E+29
0,968,31587145375,32177772443,-33625755084,-54569720846,-88324603689,11703466705,1.41088E+30
0,969,43919362344,-16351117439,-52730035646,-73633095545,43952744458,-16550396970,7.17035E+29
0,970,-10084251617,19569528590,-68719147147,-13459951469,-19354513460,-76831826693,1.3066E+30
0,971,-56973181784,43319746471,-62783672207,13661200106,-23343869941,9641573173,1.59032E+30
0,972,-64355305462,69000619578,-71534155848,31148824927,-1234970553,-34961430605,2.27151E+29
0,973,61330780603,-73548556456,-3491178715,-57373518667,87630515189,28299406119,1.79644E+30
0,974,75296764143,-25388047892,10202992161,41915483548,-19346285423,-10563135344,2.24533E+29
0,975,-6107876447,30972872857,80567387894,14431870430,-59626146626,62470060242,1.43341E+30
0,976,18823210693,32196868025,40339248755,27927399231,54582617567,-70583672368,1.0033E+30
0,977,82164897730,47744637903,-29459089058,-67546162309,-9643840737,-63280381879,8.37312E+29
0,978,34448618523,-80643223134,45520835665,-70939167454,-47484804331,-76877594836,8.32811E+29
0,979,-86782210497,-8479605579,-63631619682,-30786357485,-27412446210,-12004680710,1.07884E+30
0,980,71160517967,-24142275509,-36201900165,31464757240,15922525971,-16902025597,1.35871E+30
0,981,19520578893,-30415942498,-6952258785,-26281877511,911987125.9,57347272712,1.9924E+30
0,982,-87830919975,-83975945972,63878051095,-73845119927,-87794616750,89831832940,4.16302E+29
0,983,11668046176,-49508030163,-6694272511,39188803907,-30837441385,4717696885,1.1492E+29
0,984,-21585313839,45790208731,-39712182962,-53032515271,76842280964,11722203405,3.75828E+29
0,985,-6059410545,84622017645,-27199873713,-48242791996,-36066390262,-65781313572,1.05489E+30
0,986,-87851830179,-69928533051,40318249283,-30473246720,38386243932,13915181598,7.488E+29
0,987,-74394806634,-75504000912,67850968048,60455645326,76907114498,-46453091229,1.32635E+30
0,988,-887672428.6,59553125590,83010969717,-37118187636,142943747.5,49751186740,1.82117E+30
0,989,-71576265803,-20290188057,29882765747,64169447767,-43876313318,72663864643,1.17865E+30
0,990,-49034217244,-79832334362,-26502706047,80715158939,-18546056700,-23231846533,2.35099E+29
0,991,79228273984,-62920577748,-43150912154,-51749264499,72205990687,-47470983081,1.51191E+30
0,992,24048886054,-79049842871,17244424980,-57655474215,-89654981281,-32487999857,1.71943E+30
0,993,-25898948134,-722660574.7,48672097059,83027120042,11406726801,-26876582284,1.63794E+30
0,994,-42177763835,-73659310262,-42548425128,75155091313,-10068668814,59125857934,1.78976E+30
0,995,-66694262684,-12529952737,-17878924237,-41041142281,83733943103,-55455570613,1.94511E+30
0,996,-32575152827,-55766658529,38891844194,-88184675539,75136816275,17348516244,1.14209E+30
0,997,81487667098,67635032904,-81280868184,23881159031,84760682113,78575900030,9.39648E+29
0,998,-74398311342,40236380474,-3471935377,57042270759,20410774368,-35143191264,1.80702E+30
0,999,813908092.6,43387388933,-22460996604,41477358071,-55302255081,38518364043,1.61994E+30
0,1000,-14772449506,-32022693347,65543350250,-78627612973,-10677003523,-37269282810,7.92448E+29
0,1001,62866156034,37018746534,40646039081,36414922923,30730560374,9564200558,1.61834E+30
0,1002,54981699486,-56683734365,19007781358,-27867541048,-36009077525,-18714096215,1.01567E+30
0,1003,42625230076,-53528859584,-57823416751,-60322538920,58512342650,-7326601934,1.4099E+30
0,1004,-12730755941,-57333415887,-7072455166,75547512931,-33273229866,-56124380274,1.62721E+30
0,1005,-28622846034,40249099592,89497288852,51468049387,-71726160317,-26514600523,4.99915E+29
0,1006,-36209578202,-29906062020,78255090392,-43185087053,-76735471510,37969550606,3.89837E+29
0,1007,-51402750491,10614780057,-54342400729,82255916978,59648876981,10717087260,1.69272E+30
0,1008,24467586029,59495413844,-77370766264,47346702618,81300043288,2515815364,1.35058E+30
0,1009,-48212794403,-76697553381,42693142903,-86610237168,-31392994024,11859312959,1.11196E+30
0,1010,-41323670143,-45846614608,-12099059348,67756219352,-50597414462,-77884306272,6.00867E+29
0,1011,995251805,19605114206,3719220775,-44803956191,-71400780976,18595833935,1.85398E+30
0,1012,-67494298379,30711440949,54309597165,-8753387785,-61128458202,-23091154952,1.49886E+29
0,1013,-23326503696,33891593600,33815423059,15294307779,-62882954172,-49283284109,2.48938E+29
0,1014,45393514972,44712446322,39619082440,81742817094,18743288069,34486089249,1.74761E+30
0,1015,48138645756,70956708199,-56723321337,-4641888260,76483776993,20559544782,1.38235E+30
0,1016,-23065292337,-25958218157,-82596235765,-56523256832,-34486248082,6012549070,5.12516E+29
0,1017,9909645113,-72670043055,66912358392,-62220669362,-15828712248,45049026960,4.68224E+29
0,1018,-32381056112,80888867021,-81520036765,40057557185,52532766723,-35362485241,1.29178E+30
0,1019,-13506900871,27693606034,-33079694658,-28605283647,-29213653806,18769855594,1.00474E+30
0,1020,-46917717996,-44678088202,-66615947596,-208054945.9,27435328360,88958550470,1.37222E+30
0,1021,-43143786544,-39496139658,-81158499583,-30968490998,52803458346,58436989912,4.97699E+29
0,1022,12206353404,-40403821733,1667828505,75807609612,62077624170,88753410805,2.52032E+29
0,1023,19137496981,69068875303,26795559677,-69762367820,-50968220566,-19451996130,4.84136E+29
0,1024,66806764311,-35595069980,-89834607043,72209123426,-89393688960,72538208126,1.78384E+29